"numLegislatura","ideCadastro","Nome Parlamentar","Nome","dataNascimento","sexo","partidoAtual","ufRepresentacaoAtual","nomeProfissao","email"
"53","73764","ABELARDO LUPION","ABELARDO LUIZ LUPION MELLO","25/08/1952","M","DEM","PR","Agropecuarista e Empresário","

    "
"53","143254","ACELIO CASAGRANDE","ACELIO CASAGRANDE","01/12/1961","M","PMDB","SC","

    ","

    "
"53","73886","ADAO PRETTO","ADAO PRETTO","18/12/1945","M","PT","RS","Agricultor","

    "
"53","133374","ADEMIR CAMILO","ADEMIR CAMILO PRATES RODRIGUES","30/05/1964","M","PDT","MG","Médico, Advogado","

    "
"53","141371","DR. ADILSON SOARES","ADILSON SOARES","11/09/1940","M","PR","RJ","ADVOGADO","

    "
"53","141372","AELTON FREITAS","AELTON JOSE DE FREITAS","15/12/1961","M","PR","MG","PRODUTOR RURAL, EMPRESÁRIO, ENGENHEIRO AGRÔNOMO","

    "
"53","73765","AFFONSO CAMARGO","AFFONSO ALVES DE CAMARGO NETO","30/04/1929","M","PSDB","PR","Engenheiro Civil","

    "
"53","74358","AGNALDO MUNIZ","AGNALDO MUNIZ","31/08/1970","M","PSC","RO","Advogado","

    "
"53","73457","AIRTON ROVEDA","AIRTON BERNARDO ROVEDA","14/02/1948","M","PR","PR","Minerador, Comerciante e Pecuarista","

    "
"53","141373","ALBANO FRANCO","ALBANO DO PRADO PIMENTEL FRANCO","22/11/1940","M","PSDB","SE","ADVOGADO, EMPRESÁRIO","

    "
"53","74018","ALBERICO FILHO","ALBERICO DE FRANCA FERREIRA FILHO","10/04/1950","M","PMDB","MA","Servidor Público","

    "
"53","74310","ALBERTO SILVA","ALBERTO TAVARES SILVA","10/11/1918","M","PMDB","PI","Engenheiro Civil, Engenheiro Eletricista e Engenheiro Mecânico","

    "
"53","139133","ALCENI GUERRA","ALCENI ANGELO GUERRA","21/07/1945","M","DEM","PR","MÉDICO","

    "
"53","73458","ALEX CANZIANI","ALEX CANZIANI SILVEIRA","11/06/1964","M","PTB","PR","Registrador de Imóveis","

    "
"53","74829","ALEXANDRE CARDOSO","ALEXANDRE AGUIAR CARDOSO","03/05/1952","M","PSB","RJ","Médico","

    "
"53","74830","ALEXANDRE SANTOS","ALEXANDRE JOSE DOS SANTOS","04/09/1954","M","PMDB","RJ","Empresário","

    "
"53","141374","ALEXANDRE SILVEIRA","ALEXANDRE SILVEIRA DE OLIVEIRA","15/07/1970","M","PPS","MG","COMERCIANTE, FUNCIONÁRIO PÚBLICO","

    "
"53","74057","ALICE PORTUGAL","ALICE MAZZUCO PORTUGAL","16/05/1959","F","PCdoB","BA","Química Industrial e Farmacêutica Bioquímica","

    "
"53","141375","ALINE CORREA","ALINE LEMOS CORREA DE OLIVEIRA ANDRADE","25/03/1973","F","PP","SP","Empresária","

    "
"53","74341","SA","ALMIR MORAIS SA","30/09/1953","M","PR","RR","Advogado e Empresário","

    "
"53","141377","ANA ARRAES","ANA LUCIA ARRAES DE ALENCAR","28/07/1947","F","PSB","PE","Advogado","

    "
"53","74471","ANDRE DE PAULA","ANDRE CARLOS ALVES DE PAULA FILHO","22/07/1961","M","DEM","PE","Advogado.","

    "
"53","159261","ANDRE MONTORO","ANDRE FRANCO MONTORO FILHO","25/02/1944","M","PSDB","SP","

    ","

    "
"53","141378","ANDRE VARGAS","ANDRE LUIZ VARGAS ILARIO","02/03/1964","M","PT","PR","Comerciante","

    "
"53","74377","ANDRE ZACHAROW","ANDRE ZACHAROW","07/07/1939","M","PMDB","PR","Advogado, Economista, Professor","

    "
"53","141379","ANDREIA ZITO","ANDREIA ALMEIDA ZITO DOS SANTOS","13/07/1974","F","PSDB","RJ","Bacharel em Direito","

    "
"53","141380","ANGELA PORTELA","ANGELA MARIA GOMES PORTELA","03/02/1962","F","PT","RR","PROFESSORA","

    "
"53","73696","ANGELA AMIN","ANGELA REGINA HEINZEN AMIN HELOU","20/12/1947","F","PP","SC","Professora e Funcionária Pública","

    "
"53","141381","ANGELO VANHONI","ANGELO CARLOS VANHONI","19/06/1955","M","PT","PR","BANCÁRIO","

    "
"53","159058","JUNIOR MARZOLA","ANGELO CREMA MARZOLA JUNIOR","07/02/1966","M","DEM","TO","Empresário Rural","

    "
"53","74212","ANIBAL GOMES","ANIBAL FERREIRA GOMES","07/06/1953","M","PMDB","CE","Cirurgião-Dentista e Agropecuarista","

    "
"53","73928","ANN PONTES","ANN CLELIA DE BARROS PONTES","24/02/1966","F","PMDB","PA","Advogada","

    "
"53","73937","ANSELMO DE JESUS","ANSELMO DE JESUS ABREU","25/12/1952","M","PT","RO","AGRICULTOR","

    "
"53","141382","TONHA MAGALHAES","ANTONIA MAGALHAES DA CRUZ","16/01/1958","F","PR","BA","Comerciante","

    "
"53","74277","LOBBE NETO","ANTONIO ADOLPHO LOBBE NETO","18/06/1957","M","PSDB","SP","BIOMEDICO","

    "
"53","74373","ANTONIO CARLOS BIFFI","ANTONIO CARLOS BIFFI","09/03/1952","M","PT","MS","PROFESSOR DE ENSINO DE PRIMEIRO E SEGUNDO GRAUS","

    "
"53","73584","ANTONIO CARLOS MENDES THAME","ANTONIO CARLOS DE MENDES THAME","13/06/1946","M","PSDB","SP","Professor Universitário.","

    "
"53","159262","ANTONIO CARLOS","ANTONIO CARLOS DE MORAIS","06/02/1961","M","PSDB","MG","

    ","

    "
"53","141383","ANTONIO BULHOES","ANTONIO CARLOS MARTINS DE BULHOES","05/05/1968","M","PRB","SP","Apresentador de Televisão, Administrador, Teólogo e Bispo Evangélico","

    "
"53","73431","ANTONIO CARLOS PANNUNZIO","ANTONIO CARLOS PANNUNZIO","29/07/1943","M","PSDB","SP","Engenheiro Metalúrgico e Professor Universitário","

    "
"53","74058","ANTONIO CARLOS MAGALHAES NETO","ANTONIO CARLOS PEIXOTO DE MAGALHAES NETO","26/01/1979","M","DEM","BA","Advogado","

    "
"53","152611","ANTONIO CARLOS CHAMARIZ","ANTONIO CARLOS RAMOS","26/02/1956","M","PTB","AL","

    ","

    "
"53","73492","ANTONIO CARLOS BISCAIA","ANTONIO CARLOS SILVA BISCAIA","03/06/1942","M","PT","RJ","Procurador de Justiça e Professor Universitário","

    "
"53","141384","VALADARES FILHO","ANTONIO CARLOS VALADARES FILHO","01/10/1980","M","PSB","SE","ADMINISTRADOR DE EMPRESAS","

    "
"53","141336","CHARLES LUCENA","ANTONIO CHARLES LUCENA DE OLIVEIRA MELLO","23/06/1967","M","PTB","PE","Médico, Empresário, Educador e Político.","

    "
"53","74016","COSTA FERREIRA","ANTONIO DA CONCEICAO COSTA FERREIRA","28/07/1939","M","PSC","MA","Advogado, Torneiro Mecânico e Professor","

    "
"53","73987","ANTONIO FEIJAO","ANTONIO DA JUSTA FEIJAO","19/06/1956","M","PTC","AP","

    ","

    "
"53","141385","DUARTE NOGUEIRA","ANTONIO DUARTE NOGUEIRA JUNIOR","16/05/1964","M","PSDB","SP","Agricultor, Pecuarista e Engenheiro Agrônomo","

    "
"53","141386","EUDES XAVIER","ANTONIO EUDES XAVIER","11/09/1964","M","PT","CE","Comerciário","

    "
"53","141387","ANTONIO ANDRADE","ANTONIO EUSTAQUIO ANDRADE FERREIRA","18/06/1953","M","PMDB","MG","Engenheiro Civil e Produtor Rural","

    "
"53","73817","ANTONIO CRUZ","ANTONIO FERREIRA DA CRUZ FILHO","05/12/1949","M","PP","MS","Médico","

    "
"53","155920","GERALDINHO","ANTONIO GERALDO DE SOUZA HENRIQUES FILHO","20/02/1972","M","PSOL","RS","

    ","

    "
"53","141388","ANTONIO JOSE MEDEIROS","ANTONIO JOSE CASTELO BRANCO MEDEIROS","16/05/1950","M","PT","PI","FUNCIONÁRIO PÚBLICO FEDERAL","

    "
"53","74300","MARCELO TEIXEIRA","ANTONIO MARCELO TEIXEIRA SOUSA","06/04/1957","M","PR","CE","Engenheiro Civil, Engenheiro Químico e Professor Universitário","

    "
"53","74701","ANTONIO PALOCCI","ANTONIO PALOCCI FILHO","04/10/1960","M","PT","SP","MÉDICO","

    "
"53","141389","INDIO DA COSTA","ANTONIO PEDRO DE SIQUEIRA INDIO DA COSTA","20/10/1970","M","DEM","RJ","ADVOGADO","

    "
"53","141390","ANTONIO ROBERTO","ANTONIO ROBERTO SOARES","20/06/1942","M","PV","MG","CONSULTOR EMPRESARIAL EM COMPORTAMENTO HUMANO, ADMINISTRADOR","

    "
"53","74648","ARACELY DE PAULA","ARACELY DE PAULA","03/05/1941","M","PR","MG","Advogado","

    "
"53","73433","ARLINDO CHINAGLIA","ARLINDO CHIGNALIA JUNIOR","24/12/1949","M","PT","SP","Médico","

    "
"53","74405","ARMANDO ABILIO","ARMANDO ABILIO VIEIRA","29/12/1944","M","PTB","PB","Médico","

    "
"53","74472","ARMANDO MONTEIRO","ARMANDO DE QUEIROZ MONTEIRO NETO","24/02/1952","M","PTB","PE","Empresário, Advogado e Administrador de Empresas","

    "
"53","141391","ARNALDO JARDIM","ARNALDO CALIL PEREIRA JARDIM","08/05/1955","M","PPS","SP","Engeheiro Civil e Professor","

    "
"53","73993","ARNALDO MADEIRA","ARNALDO DE ABREU MADEIRA","10/03/1940","M","PSDB","SP","Sociólogo, Professor Universitário e Administrador de Empresas","

    "
"53","73434","ARNALDO FARIA DE SA","ARNALDO FARIA DE SA","30/12/1945","M","PTB","SP","Contabilista, Radialista, Professor e Advogado","

    "
"53","141392","ARNALDO VIANNA","ARNALDO FRANCA VIANNA","04/11/1947","M","PDT","RJ","Médico","

    "
"53","74833","AROLDE DE OLIVEIRA","AROLDE DE OLIVEIRA","11/03/1937","M","DEM","RJ","Engenheiro, Economista e Professor","

    "
"53","74222","ASDRUBAL BENTES","ASDRUBAL MENDES BENTES","27/07/1939","M","PMDB","PA","Advogado e Servidor Público","

    "
"53","74378","ASSIS DO COUTO","ASSIS MIGUEL DO COUTO","17/10/1961","M","PT","PR","AGRICULTOR","

    "
"53","74459","ATILA LIRA","ATILA FREITAS LIRA","07/04/1947","M","PSB","PI","Administrador de Empresas e Economista","

    "
"53","74090","ATILA LINS","ATILA SIDNEY LINS ALBUQUERQUE","22/11/1950","M","PMDB","AM","Bacharel em Direito, graduado pela Universidade Federal do Amazonas em 1.976; Advogado com inscrição na OAB/AM nº 1.000 ; Bacharel em Economia, graduado pela Universidade Federal do Amazonas em 1.986; Auditor Concursado do TCE/AM, 1.977","

    "
"53","74441","AUGUSTO FARIAS","AUGUSTO CESAR CAVALCANTE FARIAS","29/12/1956","M","PTB","AL","

    ","

    "
"53","73655","AUGUSTO CARVALHO","AUGUSTO SILVEIRA DE CARVALHO","27/07/1953","M","PPS","DF","

    ","

    "
"53","74024","AYRTON XEREZ","AYRTON ALVARENGA XEREZ","13/05/1946","M","DEM","RJ","

    ","

    "
"53","141376","BEL MESQUITA","Ana Isabel Mesquita de Oliveira","24/09/1952","F","PMDB","PA","Professora e Psicóloga","

    "
"53","156634","BENE CAMACHO","BENE ANDRE CAMACHO ARAUJO","05/04/1958","M","PTB","MA","

    ","

    "
"53","74312","B. SA","BENEDITO DE CARVALHO SA","27/12/1946","M","PSB","PI","Médico","

    "
"53","74517","BENEDITO DE LIRA","BENEDITO DE LIRA","01/05/1942","M","PP","AL","ADVOGADO","

    "
"53","152610","ROBERTO ALVES","BENEDITO ROBERTO ALVES FERREIRA","27/05/1960","M","PTB","SP","

    ","

    "
"53","74169","BERNARDO ARISTON","BERNARDO RAMOS ARISTON","25/09/1969","M","PMDB","RJ","BACHAREL EM DIREITO E RADIALISTA","

    "
"53","74650","BONIFACIO DE ANDRADA","BONIFACIO JOSE TAMM DE ANDRADA","14/05/1930","M","PSDB","MG","ADVOGADO E PROFESSOR UNIVERSITÁRIO","

    "
"53","141393","BRUNO RODRIGUES","BRUNO CAMPELO RODRIGUES DE SOUZA","05/08/1970","M","PSDB","PE","Empresário","

    "
"53","141394","BRUNO ARAUJO","BRUNO CAVALCANTI DE ARAUJO","15/03/1972","M","PSDB","PE","ADVOGADO","

    "
"53","141395","CAMILO COLA","CAMILO COLA","26/07/1923","M","PMDB","ES","

    ","

    "
"53","141396","CANDIDO VACCAREZZA","CANDIDO ELPIDIO DE SOUZA VACCAREZZA","26/09/1955","M","PT","SP","Médico Ginecologista e Obstetra","

    "
"53","73469","CARLITO MERSS","CARLITO MERSS","16/09/1955","M","PT","SC","Professor e Industriário","

    "
"53","73934","CARLOS SOUZA","CARLOS ALBERTO CAVALCANTE DE SOUZA","17/08/1952","M","PP","AM","Biólogo, Professor, Radialista","

    "
"53","74321","BETINHO ROSADO","CARLOS ALBERTO DE SOUSA ROSADO","23/12/1948","M","DEM","RN","Professor Universitário, Engenheiro Agrônomo e Economista","

    "
"53","74290","CARLOS ALBERTO LEREIA","CARLOS ALBERTO LEREIA DA SILVA","19/06/1961","M","PSDB","GO","Radialista","

    "
"53","141397","CARLOS ALBERTO CANUTO","CARLOS ALBERTO MOREIRA DE MENDONCA CANUTO","12/01/1952","M","PSC","AL","Agropecuarista","

    "
"53","160318","CARLOS ALBERTO","CARLOS ALBERTO PEREIRA","07/09/1954","M","DEM","MG","

    ","

    "
"53","141398","CARLOS ZARATTINI","CARLOS ALBERTO ROLIM ZARATTINI","08/06/1959","M","PT","SP","ECONOMISTA","

    "
"53","74285","CARLOS ABICALIL","CARLOS AUGUSTO ABICALIL","23/01/1962","M","PT","MT","Professor de Educação Básica.","

    "
"53","74835","CARLOS SANTANA","CARLOS AUGUSTO ALVES SANTANA","25/05/1961","M","PT","RJ","Metalúrgico e Ferroviário","

    "
"53","141399","BRIZOLA NETO","CARLOS DAUDT BRIZOLA","11/10/1978","M","PDT","RJ","

    ","

    "
"53","74651","CARLOS MELLES","CARLOS DO CARMO ANDRADE MELLES","11/03/1947","M","DEM","MG","Engenheiro Agrônomo e Empresário","

    "
"53","74474","CARLOS EDUARDO CADOCA","CARLOS EDUARDO CINTRA DA COSTA PEREIRA","23/04/1940","M","PSC","PE","Advogado","

    "
"53","73945","EDUARDO GOMES","CARLOS EDUARDO TORRES GOMES","28/04/1966","M","PSDB","TO","SERVIDOR PUBLICO ESTADUAL","

    "
"53","141400","VIEIRA DA CUNHA","CARLOS EDUARDO VIEIRA DA CUNHA","31/03/1960","M","PDT","RS","PROCURADOR DE JUSTIÇA","

    "
"53","73471","FERNANDO CORUJA","CARLOS FERNANDO CORUJA AGUSTINI","04/12/1954","M","PPS","SC","Médico Advogado e Professor.","

    "
"53","141401","CARLOS BEZERRA","CARLOS GOMES BEZERRA","04/11/1941","M","PMDB","MT","Industrial, Advogado e Professor","

    "
"53","74262","CARLOS SAMPAIO","CARLOS HENRIQUE FOCESI SAMPAIO","31/03/1963","M","PSDB","SP","Promotor de Justiça.","

    "
"53","74163","MANATO","CARLOS HUMBERTO MANNATO","07/08/1957","M","PDT","ES","MEDICO","

    "
"53","73588","MAURO BENEVIDES","CARLOS MAURO CABRAL BENEVIDES","21/03/1930","M","PMDB","CE","ADVOGADO, PROFESSOR, ADMINISTRADOR E

JORNALISTA","

    "
"53","141402","CARLOS BRANDAO","CARLOS ORLEANS BRANDAO JUNIOR","02/06/1958","M","PSDB","MA","FUNCIONÁRIO PÚBLICO, EMPRESÁRIO","

    "
"53","141403","RATINHO JUNIOR","CARLOS ROBERTO MASSA JUNIOR","19/04/1981","M","PSC","PR","Empresário, Diretor de Empresas e Comunicador","

    "
"53","74148","CARLOS WILLIAN","CARLOS WILLIAN DE SOUZA","01/08/1956","M","PTC","MG","ADVOGADO","

    "
"53","131873","CARLOS WILSON","CARLOS WILSON ROCHA DE QUEIROZ CAMPOS","11/03/1950","M","PT","PE","FUNCIONÁRIO PÚBLICO FEDERAL, ADMINISTRADOR PÚBLICO","

    "
"53","141404","CASSIO TANIGUCHI","CASSIO TANIGUCHI","30/10/1941","M","DEM","PR","Engenheiro Eletrônico","

    "
"53","74799","CELCITA PINHEIRO","CELCITA ROSA PINHEIRO DA SILVA","22/12/1943","F","DEM","MT","Professora","

    "
"53","141405","CELSO MALDANER","CELSO MALDANER","30/08/1953","M","PMDB","SC","ECONOMISTA, EMPRESÁRIO","

    "
"53","73441","CELSO RUSSOMANNO","CELSO UBIRAJARA RUSSOMANNO","20/08/1956","M","PP","SP","Apresentador de Televisão, Repórter e Bacharel em Direito","

    "
"53","74379","CEZAR SILVESTRI","CEZAR AUGUSTO CAROLLO SILVESTRI","01/08/1954","M","PPS","PR","ENGENHEIRO","

    "
"53","73480","CEZAR SCHIRMER","CEZAR AUGUSTO SCHIRMER","23/02/1952","M","PMDB","RS","Advogado e Professor Universitário","

    "
"53","157225","CHARLES COZZOLINO","CHARLES COZZOLINO","22/04/1958","M","PTB","RJ","

    ","

    "
"53","141406","CIRO GOMES","CIRO FERREIRA GOMES","06/11/1957","M","PSB","CE","Advogado e Professor Universitário","

    "
"53","141407","CIRO PEDROSA","CIRO FRANCISCO PEDROSA","09/07/1956","M","PV","MG","ENGENHEIRO CIVIL, EMPRESÁRIO","

    "
"53","74313","CIRO NOGUEIRA","CIRO NOGUEIRA LIMA FILHO","21/11/1968","M","PP","PI","Advogado e Empresário","

    "
"53","74391","VIGNATTI","CLAUDIO ANTONIO VIGNATTI","02/02/1967","M","PT","SC","SERVIDOR PUBLICO MUNICIPAL","

    "
"53","74537","CLAUDIO CAJADO","CLAUDIO CAJADO SAMPAIO","01/12/1963","M","DEM","BA","Advogado","

    "
"53","141057","CLAUDIO DIAZ","CLAUDIO CASTANHEIRA DIAZ","03/10/1953","M","PSDB","RS","Veterinário","

    "
"53","74263","CLAUDIO MAGRAO","CLAUDIO MAGRAO DE CAMARGO CRE","06/07/1951","M","PPS","SP","ENCANADOR,SOLDADOR,CHAPEADOR,CALDEIREIRO,MONTADOR DE ESTRUTURA METALIC","

    "
"53","141408","CLEBER VERDE","CLEBER VERDE CORDEIRO MENDES","10/05/1972","M","PRB","MA","Vendedor Autônomo, Professor, Servidor Público, Político e Bacharel em Direito","

    "
"53","141409","CLODOVIL HERNANDES","CLODOVIL HERNANDES","17/06/1937","M","PR","SP","PROFESSOR, COMUNICADOR, COMUNICADOR DE RÁDIO, COMUNICÓLOGO EM TELEVISÃO","

    "
"53","74026","CLOVIS FECURY","CLOVIS ANTONIO CHAVES FECURY","08/02/1969","M","DEM","MA","Engenheiro Civil","

    "
"53","74230","COLBERT MARTINS","COLBERT MARTINS DA SILVA FILHO","02/10/1952","M","PMDB","BA","Médico","

    "
"53","141410","CRISTIANO MATHEUS","CRISTIANO MATHEUS DA SILVA E SOUSA","03/06/1973","M","PMDB","AL","Radialista","

    "
"53","74579","CUSTODIO MATTOS","CUSTODIO ANTONIO DE MATTOS","03/04/1948","M","PSDB","MG","Servidor Público Aposentado","

    "
"53","141411","DAGOBERTO","DAGOBERTO NOGUEIRA FILHO","21/07/1955","M","PDT","MS","Advogado e Administrador de Empresas","

    "
"53","74467","DAMIAO FELICIANO","DAMIAO FELICIANO DA SILVA","28/04/1952","M","PDT","PB","Médico, Empresário e Radialista","

    "
"53","74060","DANIEL ALMEIDA","DANIEL GOMES DE ALMEIDA","21/01/1955","M","PCdoB","BA","Industriário","

    "
"53","159263","DANIEL FONTANA","DANIEL PAULO FONTANA","21/12/1968","M","PT","RS","

    ","

    "
"53","73486","POMPEO DE MATTOS","DARCI POMPEO DE MATTOS","12/07/1958","M","PDT","RS","Advogado e Bancário","

    "
"53","73891","DARCISIO PERONDI","DARCISIO PAULO PERONDI","02/04/1947","M","PMDB","RS","Médico","

    "
"53","141412","DAVI ALVES SILVA JUNIOR","DAVI ALVES SILVA JUNIOR","22/11/1976","M","PR","MA","

    ","

    "
"53","73924","DAVI ALCOLUMBRE","DAVID SAMUEL ALCOLUMBRE TOBELEM","19/06/1977","M","DEM","AP","COMERCIANTE","

    "
"53","141413","DECIO LIMA","DECIO NERY DE LIMA","01/10/1960","M","PT","SC","Professor de Ensino Médio e Advogado","

    "
"53","74264","DEVANIR RIBEIRO","DEVANIR RIBEIRO","02/02/1944","M","PT","SP","APOSENTADO (EXCETO SERVIDOR PUBLICO)","

    "
"53","73768","DILCEU SPERAFICO","DILCEU JOAO SPERAFICO","26/01/1948","M","PP","PR","Industrial, Bacharel em Direito, Filósofo e Agropecuarista","

    "
"53","74265","DIMAS RAMALHO","DIMAS EDUARDO RAMALHO","13/08/1954","M","PPS","SP","MEMBRO DO MINISTERIO PUBLICO","

    "
"53","141414","DR. BASEGIO","DIOGENES LUIZ BASEGIO","17/06/1956","M","PDT","RS","Agricultor, Escritor, Pesquisador, Doutor em Medicina e Professor de Medicina","

    "
"53","141415","DJALMA BERGER","DJALMA VANDO BERGER","07/03/1962","M","PSB","SC","Engenheiro e Administrador","

    "
"53","74197","DOMINGOS DUTRA","DOMINGOS FRANCISCO DUTRA FILHO","20/03/1956","M","PT","MA","ADVOGADO","

    "
"53","141416","EDGAR MOURY","EDGAR MOURY FERNANDES SOBRINHO","02/01/1944","M","PMDB","PE","Advogado e Empresário","

    "
"53","133375","EDINHO MONTEMOR","EDGARD MONTEMOR FERNANDES","07/06/1956","M","PSB","SP","Advogado","

    "
"53","143253","EDIGAR MAO BRANCA","EDIGAR EVANGELISTA DOS ANJOS","14/01/1959","M","PV","BA","

    ","

    "
"53","141417","EDIO LOPES","EDIO VIEIRA LOPES","04/01/1952","M","PMDB","RR","Servidor Público","

    "
"53","73599","EDIR OLIVEIRA","EDIR PEDRO DE OLIVEIRA","03/02/1950","M","PTB","RS","Radialista","

    "
"53","74580","EDMAR MOREIRA","EDMAR BATISTA MOREIRA","25/09/1939","M","PR","MG","Empresário e Produtor Rural","

    "
"53","139187","EDMILSON VALENTIM","EDMILSON JOSE VALENTIM DOS SANTOS","28/07/1963","M","PCdoB","RJ","TÉCNICO MECÂNICO","

    "
"53","141418","EDSON APARECIDO","EDSON APARECIDO DOS SANTOS","15/09/1957","M","PSDB","SP","HISTORIADOR","

    "
"53","73793","EDINHO BEZ","EDSON BEZ DE OLIVEIRA","06/03/1950","M","PMDB","SC","Contador e Bancário","

    "
"53","74838","EDSON EZEQUIEL","EDSON EZEQUIEL DE MATOS","13/07/1945","M","PMDB","RJ","Engenheiro e Professor  Universitário","

    "
"53","74061","EDSON DUARTE","EDSON GONCALVES DUARTE","02/11/1965","M","PV","BA","Técnico em Agropecuária e Pedagogo","

    "
"53","141419","EDSON SANTOS","EDSON SANTOS DE SOUZA","21/07/1954","M","PT","RJ","

    ","

    "
"53","150876","EDUARDO MOURA","EDUARDO ALVES DE MOURA","23/08/1951","M","PPS","MT","

    ","

    "
"53","141420","EDUARDO AMORIM","EDUARDO ALVES DO AMORIM","17/05/1963","M","PSC","SE","MÉDICO","

    "
"53","4928","EDUARDO LOPES","EDUARDO BENEDITO LOPES","19/09/1964","M","PRB","RJ","Radialista e Diretor de Empresa","

    "
"53","74173","EDUARDO CUNHA","EDUARDO COSENTINO DA CUNHA","29/09/1958","M","PMDB","RJ","ECONOMISTA","

    "
"53","74382","EDUARDO SCIARRA","EDUARDO FRANCISCO SCIARRA","05/10/1952","M","DEM","PR","ENGENHEIRO","

    "
"53","141421","EDUARDO DA FONTE","EDUARDO HENRIQUE DA FONTE DE ALBUQUERQUE SILVA","17/10/1972","M","PP","PE","EMPRESÁRIO","

    "
"53","74655","EDUARDO BARBOSA","EDUARDO LUIZ BARROS BARBOSA","25/08/1958","M","PSDB","MG","Médico","

    "
"53","73938","EDUARDO VALVERDE","EDUARDO VALVERDE ARAUJO ALVES","20/02/1957","M","PT","RO","SERVIDOR PUBLICO FEDERAL","

    "
"53","141422","EFRAIM FILHO","EFRAIM DE ARAUJO MORAIS FILHO","18/03/1979","M","DEM","PB","ADVOGADO","

    "
"53","74075","ELCIONE BARBALHO","ELCIONE THEREZINHA ZAHLUTH BARBALHO","05/10/1944","F","PMDB","PA","Pedagoga","

    "
"53","154919","ELEUSES PAIVA","ELEUSES VIEIRA DE PAIVA","13/06/1953","M","DEM","SP","

    ","

    "
"53","141423","ELIENE LIMA","ELIENE JOSE DE LIMA","09/09/1955","M","PP","MT","Engenheiro Civil e Professor","

    "
"53","73892","ELISEU PADILHA","ELISEU LEMOS PADILHA","23/12/1945","M","PMDB","RS","ADVOGADO","

    "
"53","141424","ELISMAR PRADO","ELISMAR FERNANDES PRADO","12/08/1972","M","PT","MG","Sociólogo e Músico","

    "
"53","152609","ELIZEU AGUIAR","ELIZEU MORAIS DE AGUIAR","28/05/1966","M","PTB","PI","

    ","

    "
"53","74119","EMANUEL FERNANDES","EMANUEL FERNANDES","06/03/1956","M","PSDB","SP","Engenheiro Aeronáutico","

    "
"53","153384","EMILIA FERNANDES","EMILIA THEREZINHA XAVIER FERNANDES","18/07/1949","F","PT","RS","Professora","

    "
"53","154997","EMILIANO JOSE","EMILIANO JOSE DA SILVA FILHO","05/02/1946","M","PT","BA","

    ","

    "
"53","74269","ENEAS","ENEAS FERREIRA CARNEIRO","05/11/1938","M","PR","SP","MEDICO","

    "
"53","73893","ENIO BACCI","ENIO EGON BERGMANN BACCI","19/09/1958","M","PDT","RS","Advogado","

    "
"53","141425","ERNANDES AMORIM","ERNANDES SANTOS AMORIM","22/10/1946","M","PTB","RO","PECUARISTA","

    "
"53","73564","VADAO GOMES","ETIVALDO VADAO GOMES","19/04/1957","M","PP","SP","Empresário e Pecuarista","

    "
"53","141426","EUGENIO RABELO","EUGENIO RABELO","15/05/1956","M","PP","CE","Servidor Público e Empresário","

    "
"53","74454","EUNICIO OLIVEIRA","EUNICIO LOPES DE OLIVEIRA","30/09/1952","M","PMDB","CE","Empresário e Agropecuarista","

    "
"53","74099","EURIPEDES MIRANDA","EURIPEDES MIRANDA BOTELHO","20/02/1954","M","PT","RO","

    ","

    "
"53","74345","EVANDRO MILHOMEN","EVANDRO COSTA MILHOMEN","21/04/1962","M","PCdoB","AP","Sociólogo","

    "
"53","141427","FABIO RAMALHO","FABIO AUGUSTO RAMALHO DOS SANTOS","22/12/1961","M","PV","MG","Empresário","

    "
"53","74062","FABIO SOUTO","FABIO LOUREIRO SOUTO","18/01/1973","M","DEM","BA","Economista","

    "
"53","149327","MAJOR FABIO","FABIO RODRIGUES DE OLIVEIRA","04/11/1969","M","DEM","PB","

    ","

    "
"53","141428","FABIO FARIA","FABIO SALUSTINO MESQUITA DE FARIA","01/09/1977","M","PMN","RN","Administrador de Empresas","

    "
"53","74065","FATIMA PELAES","FATIMA LUCIA PELAES","13/02/1959","F","PMDB","AP","SOCIÓLOGO","

    "
"53","141429","FELIPE MAIA","FELIPE CATALAO MAIA","07/12/1973","M","DEM","RN","Advogado","

    "
"53","141430","FELIPE BORNIER","FELIPE LEONE BORNIER DE OLIVEIRA","26/12/1978","M","PHS","RJ","EMPRESÁRIO","

    "
"53","74542","FELIX MENDONCA","FELIX DE ALMEIDA MENDONCA","23/03/1928","M","DEM","BA","Engenheiro Civil e Construtor","

    "
"53","74658","FERNANDO DINIZ","FERNANDO ALBERTO DINIZ","03/02/1954","M","PMDB","MG","Empresário","

    "
"53","152608","FERNANDO NASCIMENTO","FERNANDO ANTONIO DO NASCIMENTO","10/06/1953","M","PT","PE","

    ","

    "
"53","74842","FERNANDO GONCALVES","FERNANDO ANTONIO FOLGADO GONCALVES","06/12/1955","M","PTB","RJ","Médico","

    "
"53","141344","FERNANDO CHUCRE","FERNANDO BARRANCOS CHUCRE","02/08/1966","M","PSDB","SP","ARQUITETO, URBANISTA, EMPRESÁRIO","

    "
"53","141431","FERNANDO COELHO FILHO","FERNANDO BEZERRA DE SOUZA COELHO FILHO","28/02/1984","M","PSB","PE","Administrador de Empresas","

    "
"53","154734","FERNANDO CHIARELLI","FERNANDO CHIARELLI","21/01/1957","M","PDT","SP","Professor","

    "
"53","74417","FERNANDO FERRO","FERNANDO DANTAS FERRO","05/09/1951","M","PT","PE","Engenheiro Elétrico","

    "
"53","74843","FERNANDO LOPES","FERNANDO LOPES DE ALMEIDA","03/12/1946","M","PMDB","RJ","Professor e Economista","

    "
"53","74383","GIACOBO","FERNANDO LUCIO GIACOBO","17/12/1970","M","PR","PR","Empresário","

    "
"53","141432","FERNANDO MELO","FERNANDO MELO DA COSTA","20/08/1958","M","PT","AC","Administrador de Empresas","

    "
"53","74841","FERNANDO GABEIRA","FERNANDO PAULO NAGLE GABEIRA","17/02/1941","M","PV","RJ","Jornalista","

    "
"53","73481","FERNANDO MARRONI","FERNANDO STEPHAN MARRONI","31/07/1956","M","PT","RS","

    ","

    "
"53","141433","FILIPE PEREIRA","FILIPE DE ALMEIDA PEREIRA","16/11/1983","M","PSC","RJ","ADMINISTRADOR DE EMPRESAS, EMPRESÁRIO","

    "
"53","141434","FLAVIANO MELO","FLAVIANO FLAVIO BAPTISTA DE MELO","17/11/1949","M","PMDB","AC","ENGENHEIRO CIVIL","

    "
"53","141435","FLAVIO BEZERRA","FLAVIO BEZERRA DA SILVA","24/02/1961","M","PRB","CE","Professor de Educação Física, Bispo Evangélico, Pescador e Empresário.","

    "
"53","141436","FLAVIO DINO","FLAVIO DINO DE CASTRO E COSTA","30/04/1968","M","PCdoB","MA","ADVOGADO, PROFESSOR DE DIREITO","

    "
"53","159260","FLAVIO ANTUNES","FLAVIO LUIS MOREIRA ANTUNES","04/10/1973","M","PSDB","PR","

    ","

    "
"53","73459","DR. ROSINHA","FLORISVALDO FIER","12/11/1950","M","PT","PR","Médico e Servidor Público","

    "
"53","141437","FRANK AGUIAR","FRANCINETO LUZ DE AGUIAR","18/09/1970","M","PTB","SP","MÚSICO, BACHAREL EM DIREITO, COMPOSITOR, CANTOR, EMPRESÁRIO","

    "
"53","74103","ARIOSTO HOLANDA","FRANCISCO ARIOSTO HOLANDA","11/10/1938","M","PSB","CE","Professor Universitário e Engenheiro Civil","

    "
"53","73981","FRANCISCO RODRIGUES","FRANCISCO DE ASSIS RODRIGUES","23/04/1951","M","DEM","RR","Engenheiro Agrônomo","

    "
"53","141438","FRANCISCO PRACIANO","FRANCISCO EDNALDO PRACIANO","18/02/1952","M","PT","AM","Economista e Analista de Sistemas","

    "
"53","160365","CHICO NETO","FRANCISCO FERREIRA FREITAS NETO","08/05/1956","M","PSDB","PA","

    ","

    "
"53","146308","CHICO ABREU","FRANCISCO GOMES DE ABREU","23/05/1957","M","PR","GO","Professor","

    "
"53","141439","CHICO D'ANGELO","FRANCISCO JOSE D'ANGELO PINTO","11/02/1953","M","PT","RJ","Médico","

    "
"53","141440","CHICO LOPES","FRANCISCO LOPES DA SILVA","13/08/1939","M","PCdoB","CE","Professor e Auditor-Fiscal","

    "
"53","74278","MARCELO ORTIZ","FRANCISCO MARCELO ORTIZ FILHO","26/12/1934","M","PV","SP","ADVOGADO","

    "
"53","74000","CHICO DA PRINCESA","FRANCISCO OCTAVIO BECKERT","14/07/1954","M","PR","PR","Contador","

    "
"53","74171","CHICO ALENCAR","FRANCISCO RODRIGUES DE ALENCAR FILHO","19/10/1949","M","PSOL","RJ","PROFESSOR DE ENSINO SUPERIOR","

    "
"53","139212","FRANCISCO ROSSI","FRANCISCO ROSSI DE ALMEIDA","10/07/1940","M","PMDB","SP","Advogado e Empresário na Área de Comunicação","

    "
"53","158328","CHICO DALTRO","FRANCISCO TARQUINIO DALTRO","29/07/1956","M","PP","MT","

    ","

    "
"53","73921","PASTOR FRANKEMBERGEN","FRANKEMBERGEN GALVAO DA COSTA","30/04/1962","M","PTB","RR","Ministro Evangélico","

    "
"53","86634","FREDO JUNIOR","FREDO EBLING JUNIOR","03/03/1956","M","PCdoB","DF","

    ","

    "
"53","74200","GASTAO VIEIRA","GASTAO DIAS VIEIRA","15/06/1946","M","PMDB","MA","Advogado","

    "
"53","74544","GEDDEL VIEIRA LIMA","GEDDEL QUADROS VIEIRA LIMA","18/03/1959","M","PMDB","BA","Administrador de Empresas, Pecuarista e Cacauicultor","

    "
"53","141441","GEORGE HILTON","GEORGE HILTON DOS SANTOS CECILIO","11/06/1971","M","PRB","MG","Radialista, Apresentador de Televisão, Teólogo e Animador","

    "
"53","74802","MAGELA","GERALDO MAGELA PEREIRA","26/12/1956","M","PT","DF","BANCÁRIO","

    "
"53","74374","GERALDO RESENDE","GERALDO RESENDE PEREIRA","20/04/1955","M","PMDB","MS","MEDICO","

    "
"53","141442","GERALDO PUDIM","GERALDO ROBERTO SIQUEIRA DE SOUZA","08/03/1960","M","PR","RJ","Administrador Público e Técnico em Edificações","

    "
"53","74566","GERALDO SIMOES","GERALDO SIMOES DE OLIVEIRA","13/11/1953","M","PT","BA","Administrador de Empresas, Técnico Agrícola e Funcionário Público Federal","

    "
"53","3155","BISPO GE TENUTA","GERALDO TENUTA FILHO","16/08/1958","M","DEM","SP","Comunicólogo em Televisão, Pastor Evangélico, Teólogo, Empresário Têxtil, Comunicador de Rádio, Bispo Evangélico e Conselheiro do Estado","

    "
"53","74151","GERALDO THADEU","GERALDO THADEU PEDREIRA DOS SANTOS","26/10/1945","M","PPS","MG","ODONTOLOGO","

    "
"53","141443","GERMANO BONOW","GERMANO MOSTARDEIRO BONOW","05/04/1942","M","DEM","RS","Médico","

    "
"53","141444","GERONIMO DA ADEFAL","GERONIMO CIQUEIRA DA SILVA","12/08/1956","M","PFL","AL","Técnico em Edificações","

    "
"53","74076","GERSON PERES","GERSON DOS SANTOS PERES","02/05/1931","M","PP","PA","Educador, Advogado e Jornalista","

    "
"53","73472","GERVASIO SILVA","GERVASIO JOSE DA SILVA","24/05/1955","M","PSDB","SC","Empresário, Contador e Corretor de Imóveis","

    "
"53","141445","PEPE VARGAS","GILBERTO JOSE SPIER VARGAS","29/10/1958","M","PT","RS","Médico","

    "
"53","74581","GILMAR MACHADO","GILMAR ALVES MACHADO","06/11/1961","M","PT","MG","Professor de História","

    "
"53","74077","GIOVANNI QUEIROZ","GIOVANNI CORREA QUEIROZ","15/07/1946","M","PDT","PA","Médico e Agropecuarista","

    "
"53","159265","GISELA SEQUEIRA","GISELA ROMARIZ SEQUEIRA","24/01/1960","F","PSDB","PA","

    ","

    "
"53","74558","GIVALDO CARIMBAO","GIVALDO DE SA GOUVEIA","14/10/1957","M","PSB","AL","Comerciante e Gráfico","

    "
"53","141446","GLADSON CAMELI","GLADSON DE LIMA CAMELI","26/03/1978","M","PP","AC","EMPRESÁRIO, ENGENHEIRO CIVIL","

    "
"53","152605","GLAUBER BRAGA","GLAUBER DE MEDEIROS BRAGA","26/06/1982","M","PSB","RJ","Bacharel em Direito","

    "
"53","141447","GUILHERME CAMPOS","GUILHERME CAMPOS JUNIOR","20/11/1962","M","DEM","SP","Comerciante e Empresário","

    "
"53","74139","GUILHERME MENEZES","GUILHERME MENEZES DE ANDRADE","12/12/1943","M","PT","BA","MEDICO","

    "
"53","73460","GUSTAVO FRUET","GUSTAVO BONATO FRUET","18/04/1963","M","PSDB","PR","Advogado","

    "
"53","73940","HENRIQUE AFONSO","HENRIQUE AFONSO SOARES LIMA","03/12/1964","M","PV","AC","PROFESSOR DE ENSINO DE PRIMEIRO E SEGUNDO GRAUS","

    "
"53","74324","HENRIQUE EDUARDO ALVES","HENRIQUE EDUARDO LYRA ALVES","09/12/1948","M","PMDB","RN","Bacharel em Direito","

    "
"53","73482","HENRIQUE FONTANA","HENRIQUE FONTANA JUNIOR","18/01/1960","M","PT","RS","Médico e Administrador de Empresas","

    "
"53","73772","HERMES PARCIANELLO","HERMES PARCIANELLO","25/04/1958","M","PMDB","PR","Contador","

    "
"53","74385","TAKAYAMA","HIDEKAZU TAKAYAMA","20/04/1948","M","PSC","PR","Professor, Empresário e Ministro Evangélico","

    "
"53","141448","HOMERO PEREIRA","HOMERO ALVES PEREIRA","25/05/1955","M","PR","MT","Produtor Rural e Técnico em Agropecuária","

    "
"53","141449","BARBOSA NETO","HOMERO BARBOSA NETO","19/09/1966","M","PDT","PR","Jornalista e Radialista","

    "
"53","141450","HUGO LEAL","HUGO LEAL MELO DA SILVA","06/08/1962","M","PSC","RJ","Advogado","

    "
"53","74662","HUMBERTO SOUTO","HUMBERTO GUIMARAES SOUTO","03/06/1934","M","PPS","MG","Contador e Advogado","

    "
"53","74780","IARA BERNARDI","IARA BERNARDI","02/06/1952","F","PT","SP","Professora","

    "
"53","133853","IBSEN PINHEIRO","IBSEN VALLS PINHEIRO","05/07/1935","M","PMDB","RS","Advogado, Jornalista e Procurador de Justiça","

    "
"53","141451","ILDERLEI CORDEIRO","ILDERLEI SOUZA RODRIGUES CORDEIRO","28/06/1977","M","PPS","AC","ADMINISTRADOR DE EMPRESAS, EMPRESÁRIO DE TRANSPORTE","

    "
"53","141452","LEO VIVAS","ILIOBALDO VIVAS DA SILVA","29/12/1957","M","PRB","RJ","Ministro do Evangelho","

    "
"53","74421","INOCENCIO OLIVEIRA","INOCENCIO GOMES DE OLIVEIRA","21/10/1938","M","PR","PE","Médico","

    "
"53","74162","IRINY LOPES","IRINY NICOLAU CORRES LOPES","12/02/1956","F","PT","ES","OUTROS","

    "
"53","141453","IRIS DE ARAUJO","IRIS DE ARAUJO REZENDE MACHADO","07/05/1943","F","PMDB","GO","Administrador Público","

    "
"53","73461","IRIS SIMOES","IRIS XAVIER SIMOES","25/05/1961","M","PR","PR","Locutor e Comentarista de Rádio e Televisão e Radialista","

    "
"53","159264","ITAMAR ROCHA","ITAMAR DE PAIVA ROCHA","17/12/1950","M","PMDB","RN","

    ","

    "
"53","73531","IVAN VALENTE","IVAN VALENTE","05/07/1946","M","PSOL","SP","Matemático e Engenheiro.","

    "
"53","4931","IZALCI","IZALCI LUCAS FERREIRA","07/04/1956","M","PSDB","DF","Contador, Professor","

    "
"53","77701","JACKSON BARRETO","JACKSON BARRETO DE LIMA","06/05/1944","M","PMDB","SE","ADVOGADO","

    "
"53","141454","ALFREDO KAEFER","JACOB ALFREDO STOFFELS KAEFER","07/11/1955","M","PSDB","PR","Industrial","

    "
"53","73929","JADER BARBALHO","JADER FONTENELLE BARBALHO","27/10/1944","M","PMDB","PA","EMPRESARIO","

    "
"53","74665","JAIME MARTINS","JAIME MARTINS FILHO","17/06/1953","M","PR","MG","Empresário, Engenheiro e Advogado","

    "
"53","74847","JAIR BOLSONARO","JAIR MESSIAS BOLSONARO","21/03/1955","M","PP","RJ","Militar","

    "
"53","74547","JAIRO CARNEIRO","JAIRO ALFREDO OLIVEIRA CARNEIRO","28/03/1944","M","PP","BA","Advogado e Professor","

    "
"53","3151","JAIRO ATAIDE","JAIRO ATAIDE VIEIRA","18/09/1944","M","DEM","MG","

    ","

    "
"53","154417","PAES DE LIRA","JAIRO PAES DE LIRA","30/03/1953","M","PTC","SP","Coronel da Polícia Militar","

    "
"53","73926","JANETE CAPIBERIBE","JANETE MARIA GOES CAPIBERIBE","12/05/1949","F","PSB","AP","

    ","

    "
"53","141455","JANETE ROCHA PIETA","JANETE ROCHA PIETA","03/11/1946","F","PT","SP","Professora e Arquiteta","

    "
"53","74273","JEFFERSON CAMPOS","JEFFERSON ALVES DE CAMPOS","26/10/1964","M","PSB","SP","Ministro do Evangelho, Advogado, Tecnologo, Radialista, Bacharel em Teologia","

    "
"53","74528","JERONIMO REIS","JERONIMO DE OLIVEIRA REIS","10/09/1955","M","DEM","SE","Comerciante e Político","

    "
"53","141456","JILMAR TATTO","JILMAR AUGUSTINHO TATTO","25/06/1965","M","PT","SP","Professor e Empresário","

    "
"53","73579","ALBERTO FRAGA","JOAO ALBERTO FRAGA SILVA","02/06/1956","M","DEM","DF","MILITAR","

    "
"53","73874","JOAO PIZZOLATTI","JOAO ALBERTO PIZZOLATTI JUNIOR","31/10/1961","M","PP","SC","Servidor Público e Engenheiro Civil","

    "
"53","74549","JOAO ALMEIDA","JOAO ALMEIDA DOS SANTOS","23/05/1946","M","PSDB","BA","Geólogo","

    "
"53","160317","JOAO BATISTA","JOAO BATISTA DOS SANTOS","23/06/1965","M","PMDB","RO","

    ","

    "
"53","159257","VIEGAS","JOAO BATISTA FREIRE VIEGAS","06/09/1951","M","PSDB","PB","

    ","

    "
"53","73873","JOAO MATOS","JOAO BATISTA MATOS","08/01/1948","M","PMDB","SC","Professor e Administrador de Empresas","

    "
"53","141457","JOAO BITTAR","JOAO BITTAR JUNIOR","17/04/1963","M","DEM","MG","

    ","

    "
"53","74366","JOAO CAMPOS","JOAO CAMPOS DE ARAUJO","28/12/1962","M","PSDB","GO","Delegado de Polícia","

    "
"53","141458","JOAO CARLOS BACELAR","JOAO CARLOS PAOLILO BACELAR FILHO","08/10/1972","M","PR","BA","Engenheiro Civil","

    "
"53","141459","JOAO MAIA","JOAO DA SILVA MAIA","20/09/1953","M","PR","RN","Economista","

    "
"53","73682","JOAO DADO","JOAO EDUARDO DADO LEITE DE CARVALHO","16/12/1954","M","PDT","SP","AGENTE FISCAL DE RENDAS","

    "
"53","74550","JOAO LEAO","JOAO FELIPE DE SOUZA LEAO","27/02/1946","M","PP","BA","Empresário","

    "
"53","74781","JOAO HERRMANN","JOAO HERRMANN NETO","07/03/1946","M","PDT","SP","Engenheiro Agrônomo","

    "
"53","74120","JOAO MAGALHAES","JOAO LUCIO MAGALHAES BIFANO","06/02/1960","M","PMDB","MG","Pecuarista e Cafeicultor","

    "
"53","141460","JOAO OLIVEIRA","JOAO OLIVEIRA DE SOUSA","22/02/1952","M","DEM","TO","Administrador de Empresas","

    "
"53","73534","JOAO PAULO CUNHA","JOAO PAULO CUNHA","06/06/1958","M","PT","SP","Metalúrgico","

    "
"53","74372","SANDES JUNIOR","JOAO SANDES JUNIOR","28/04/1959","M","PP","GO"," Radialista e Advogado","

    "
"53","141461","JOAQUIM BELTRAO","JOAQUIM BELTRAO SIQUEIRA","25/10/1957","M","PMDB","AL","ENGENHEIRO ELETRICISTA, AGRICULTOR","

    "
"53","141462","LIRA MAIA","JOAQUIM DE LIRA MAIA","01/09/1952","M","DEM","PA","ENGENHEIRO AGRÔNOMO","

    "
"53","74490","WASHINGTON LUIZ","JOAQUIM WASHINGTON LUIZ DE OLIVEIRA","24/12/1949","M","PT","MA","Funcionário Público, Historiador.","

    "
"53","73658","JOFRAN FREJAT","JOFRAN FREJAT","19/05/1937","M","PR","DF","MÉDICO","

    "
"53","73904","MENDES RIBEIRO FILHO","JORGE ALBERTO PORTANOVA MENDES RIBEIRO FILHO","27/12/1954","M","PMDB","RS","Advogado","

    "
"53","74563","JORGE ALBERTO","JORGE ALBERTO TELES PRADO","04/04/1953","M","PMDB","SE","Médico","

    "
"53","74388","JORGE BOEIRA","JORGE CATARINO LEONARDELI BOEIRA","05/11/1955","M","PT","SC","Engenheiro Mecânico.","

    "
"53","4927","JORGINHO MALULY","JORGE DE FARIA MALULY","07/09/1960","M","DEM","SP","Engenheiro Civil","

    "
"53","74552","JORGE KHOURY","JORGE KHOURY HEDAYE","16/02/1949","M","DEM","BA","Engenheiro Civil","

    "
"53","74686","JORGE BITTAR","JORGE RICARDO BITTAR","25/10/1948","M","PT","RJ","Engenheiro Eletrônico","

    "
"53","73535","JORGE TADEU MUDALEN","JORGE TADEU MUDALEN","03/01/1955","M","DEM","SP","Engenheiro Civil","

    "
"53","141463","ABELARDO CAMARINHA","JOSE ABELARDO GUIMARAES CAMARINHA","22/03/1952","M","PSB","SP","Advogado e Professor","

    "
"53","141464","JOSE AIRTON CIRILO","JOSE AIRTON FELIX CIRILO DA SILVA","21/02/1957","M","PT","CE","Advogado e Engenheiro Civil","

    "
"53","73428","ALDO REBELO","JOSE ALDO REBELO FIGUEIREDO","23/02/1956","M","PCdoB","SP","Jornalista e Redator","

    "
"53","136811","AFONSO HAMM","JOSE ALFONSO EBERT HAMM","25/04/1962","M","PP","RS","Engenheiro Agrônomo","

    "
"53","74554","JOSE ROCHA","JOSE ALVES ROCHA","18/08/1948","M","PR","BA","Médico","

    "
"53","73536","JOSE ANIBAL","JOSE ANIBAL PERES DE PONTES","09/08/1947","M","PSDB","SP","Economista, Professor e Empresário","

    "
"53","73542","DR. PINOTTI","JOSE ARISTODEMO PINOTTI","20/12/1934","M","DEM","SP","MEDICO","

    "
"53","74291","ARNON BEZERRA","JOSE ARNON CRUZ BEZERRA DE MENEZES","13/08/1951","M","PTB","CE","Médico","

    "
"53","74298","JOSE PIMENTEL","JOSE BARROSO PIMENTEL","16/10/1953","M","PT","CE","Bancário e Advogado","

    "
"53","74553","JOSE CARLOS ALELUIA","JOSE CARLOS ALELUIA COSTA","09/12/1947","M","DEM","BA","Professor Universitário e Engenheiro Elétrico","

    "
"53","74140","JOSE CARLOS ARAUJO","JOSE CARLOS LEAO DE ARAUJO","21/12/1944","M","PDT","BA","Administrador.","

    "
"53","74055","JOSE CARLOS MACHADO","JOSE CARLOS MACHADO","17/01/1949","M","DEM","SE","Engenheiro Civil e Empresário","

    "
"53","154739","JOSE C. STANGARLINI","JOSE CARLOS STANGARLINI","30/03/1951","M","PSDB","SP","

    ","

    "
"53","73875","JOSE CARLOS VIEIRA","JOSE CARLOS VIEIRA","27/05/1953","M","PR","SC","

    ","

    "
"53","73933","ZEQUINHA MARINHO","JOSE DA CRUZ MARINHO","18/09/1959","M","PSC","PA","Técnico em Contabilidade e Pedagogo","

    "
"53","151965","JOSE MAIA FILHO","JOSE DE ANDRADE MAIA FILHO","31/07/1974","M","DEM","PI","

    ","

    "
"53","74056","MENDONCA PRADO","JOSE DE ARAUJO MENDONCA SOBRINHO","14/10/1966","M","DEM","SE","ADVOGADO","

    "
"53","74027","RIBAMAR ALVES","JOSE DE RIBAMAR COSTA ALVES","15/06/1954","M","PSB","MA","MEDICO","

    "
"53","74189","FREIRE JUNIOR","JOSE DOS SANTOS FREIRE JUNIOR","13/08/1955","M","PSDB","TO","

    ","

    "
"53","151249","JOSE EDMAR","JOSE EDMAR DE CASTRO CORDEIRO","29/10/1951","M","PR","DF","

    ","

    "
"53","74274","JOSE EDUARDO CARDOZO","JOSE EDUARDO MARTINS CARDOZO","18/04/1959","M","PT","SP","ADVOGADO","

    "
"53","74145","ZEZEU RIBEIRO","JOSE EDUARDO VIEIRA RIBEIRO","21/11/1949","M","PT","BA","Arquiteto","

    "
"53","141465","PINTO ITAMARATY","JOSE ELEONILDO SOARES","10/05/1960","M","PSDB","MA","Administrador de Empresas","

    "
"53","141466","JOSE FERNANDO APARECIDO DE OLIVEIRA","JOSE FERNANDO APARECIDO DE OLIVEIRA","18/05/1974","M","PV","MG","BACHAREL EM DIREITO","

    "
"53","141467","FRANCISCO TENORIO","JOSE FRANCISCO CERQUEIRA TENORIO","17/02/1963","M","PMN","AL","Agricultor, Bancário e Delegado de Polícia","

    "
"53","74319","PAES LANDIM","JOSE FRANCISCO PAES LANDIM","23/03/1937","M","PTB","PI","Professor e Advogado","

    "
"53","74289","TATICO","JOSE FUSCALDI CESILIO","28/09/1940","M","PTB","GO","COMERCIANTE","

    "
"53","73540","JOSE GENOINO","JOSE GENOINO NETO","03/05/1946","M","PT","SP","PROFESSOR","

    "
"53","73931","ZE GERALDO","JOSE GERALDO TORRES DA SILVA","21/12/1961","M","PT","PA","Agricultor","

    "
"53","74309","ZE GERARDO","JOSE GERARDO OLIVEIRA DE ARRUDA FILHO","30/04/1959","M","PMDB","CE","EMPRESARIO","

    "
"53","160396","JOSE HUMBERTO","JOSE HUMBERTO SOARES","29/10/1960","M","PPS","MG","Comerciante, Consultor, Engenheiro Mecânico","

    "
"53","141468","IRAN BARBOSA","JOSE IRAN BARBOSA FILHO","21/06/1966","M","PT","SE","PROFESSOR","

    "
"53","74156","LEONARDO MONTEIRO","JOSE LEONARDO COSTA MONTEIRO","09/10/1951","M","PT","MG","Advogado","

    "
"53","74297","JOSE LINHARES","JOSE LINHARES PONTE","21/10/1930","M","PP","CE","Padre, Filósofo, Psicólogo, Professor, Pedagogo e Administrador","

    "
"53","73936","LUPERCIO RAMOS","JOSE LUPERCIO RAMOS DE OLIVEIRA","30/10/1950","M","PMDB","AM","JORNALISTA E REDATOR","

    "
"53","74425","JOSE MENDONCA BEZERRA","JOSE MENDONCA BEZERRA","18/01/1936","M","DEM","PE","Avicultor, Bacharel em Direito, Empresário e Pecuarista","

    "
"53","74275","JOSE MENTOR","JOSE MENTOR GUILHERME DE MELLO NETTO","30/09/1948","M","PT","SP","ADVOGADO","

    "
"53","141469","MIGUEL MARTINI","JOSE MIGUEL MARTINI","28/03/1955","M","PHS","MG","Historiador e Controlador de Vôo","

    "
"53","74426","JOSE MUCIO MONTEIRO","JOSE MUCIO MONTEIRO FILHO","25/09/1948","M","PTB","PE","Engenheiro Civil","

    "
"53","74491","NAZARENO FONTELES","JOSE NAZARENO CARDEAL FONTELES","04/05/1954","M","PT","PI","Médico","

    "
"53","141470","JOSE GUIMARAES","JOSE NOBRE GUIMARAES","13/02/1959","M","PT","CE","ADVOGADO","

    "
"53","74395","JOSE OTAVIO GERMANO","JOSE OTAVIO GERMANO","21/04/1962","M","PP","RS","ADVOGADO","

    "
"53","141471","JOSE PAULO TOFFANO","JOSE PAULO TOFFANO","05/07/1970","M","PV","SP","Professor, Empresário e Educador Ambiental","

    "
"53","74590","RAFAEL GUERRA","JOSE RAFAEL GUERRA PINTO COELHO","29/03/1943","M","PSDB","MG","Médico e Professor Universitário","

    "
"53","141472","RICARDO TRIPOLI","JOSE RICARDO ALVARENGA TRIPOLI","17/04/1952","M","PSDB","SP","ADVOGADO.","

    "
"53","71921","JOSE ROBERTO DUDE","JOSE ROBERTO CORREA DO NASCIMENTO","24/07/1964","M","PT","ES","

    ","

    "
"53","141335","BETO FARO","JOSE ROBERTO OLIVEIRA FARO","20/06/1969","M","PT","PA","AGRICULTOR FAMILIAR","

    "
"53","141473","ROBERTO SANTIAGO","JOSE ROBERTO SANTIAGO GOMES","01/07/1958","M","PV","SP","COMERCIÁRIO, SINDICALISTA, JUIZ, PRESIDENTE DA FUNDACENTRO, SUPERINTENDENTE DO INSS/SP","

    "
"53","74741","JOSE SANTANA DE VASCONCELLOS","JOSE SANTANA DE VASCONCELLOS MOREIRA","10/04/1939","M","PR","MG","PECUARISTA","

    "
"53","74762","SARAIVA FELIPE","JOSE SARAIVA FELIPE","26/03/1952","M","PMDB","MG","Professor Universitário e Médico","

    "
"53","74210","SARNEY FILHO","JOSE SARNEY FILHO","14/06/1957","M","PV","MA","Advogado","

    "
"53","74423","JOSE CHAVES","JOSE SEVERIANO CHAVES","08/06/1942","M","PTB","PE","Engenheiro Civil e Empresário","

    "
"53","152607","ZE VIEIRA","JOSE VIEIRA LINS","30/07/1934","M","PR","MA","

    ","

    "
"53","74043","WELLINGTON ROBERTO","JOSE WELLINGTON ROBERTO","19/05/1959","M","PR","PB","Não informada","

    "
"53","74044","WILSON SANTIAGO","JOSE WILSON SANTIAGO","10/06/1957","M","PMDB","PB","ADVOGADO","

    "
"53","4929","JOSEPH BANDEIRA","JOSEPH WALLACE FARIA BANDEIRA","06/11/1949","M","PT","BA","

    ","

    "
"53","73666","JOVAIR ARANTES","JOVAIR DE OLIVEIRA ARANTES","04/06/1951","M","PTB","GO","Cirurgião-Dentista","

    "
"53","141474","JULIAO AMIN","JULIAO AMIN CASTRO","01/10/1946","M","PDT","MA","Advogado","

    "
"53","74317","JULIO CESAR","JULIO CESAR DE CARVALHO LIMA","25/08/1948","M","DEM","PI","PROFESSOR, ADVOGADO E PRODUTOR RURAL","

    "
"53","73586","JULIO DELGADO","JULIO CESAR DELGADO","18/11/1966","M","PSB","MG","CONSULTOR E ADVOGADO","

    "
"53","73994","JULIO REDECKER","JULIO CESAR REDECKER","12/07/1956","M","PSDB","RS","Empresário, Advogado e Professor Universitário","

    "
"53","74783","JULIO SEMEGHINI","JULIO FRANCISCO SEMEGHINI NETO","25/07/1956","M","PSDB","SP","Engenheiro Eletrônico","

    "
"53","74346","JURANDIL JUAREZ","JURANDIL DOS SANTOS JUAREZ","12/03/1950","M","PMDB","AP","Economista e Professor","

    "
"53","141475","JURANDY LOUREIRO","JURANDY LOUREIRO BARROSO","04/11/1940","M","PSC","ES","EMPRESÁRIO DE TRANSPORTE","

    "
"53","141476","JUSMARI OLIVEIRA","JUSMARI TEREZINHA DE SOUZA OLIVEIRA","02/03/1963","F","PR","BA","Educadora e Agricultora","

    "
"53","74570","JUTAHY JUNIOR","JUTAHY MAGALHAES JUNIOR","14/10/1955","M","PSDB","BA","Advogado","

    "
"53","141477","JUVENIL","JUVENIL ALVES FERREIRA FILHO","05/06/1959","M","PRTB","MG","ADVOGADO","

    "
"53","74742","LAEL VARELLA","LAEL VIEIRA VARELLA","19/02/1939","M","DEM","MG","Empresário","

    "
"53","151208","LAERCIO OLIVEIRA","LAERCIO JOSE DE OLIVEIRA","15/04/1959","M","PSDB","SE","Administrador de Empresas","

    "
"53","141478","LAERTE BESSA","LAERTE RODRIGUES DE BESSA","01/05/1954","M","PSC","DF","DELEGADO DE POLÍCIA","

    "
"53","141479","LAUREZ MOREIRA","LAUREZ DA ROCHA MOREIRA","03/07/1957","M","PSB","TO","Advogado","

    "
"53","141480","LAZARO BOTELHO","LAZARO BOTELHO MARTINS","11/02/1947","M","PP","TO","EMPRESÁRIO, PECUARISTA","

    "
"53","141481","LEANDRO SAMPAIO","LEANDRO JOSE MENDES SAMPAIO FERNANDES","25/10/1960","M","PPS","RJ","Engenheiro Agrônomo","

    "
"53","74367","LEANDRO VILELA","LEANDRO VILELA VELLOSO","07/11/1975","M","PMDB","GO","COMERCIANTE","

    "
"53","74254","LEONARDO PICCIANI","LEONARDO CARNEIRO MONTEIRO PICCIANI","06/11/1979","M","PMDB","RJ","Agropecuarista e Bacharel de Direito.","

    "
"53","141482","LEONARDO QUINTAO","LEONARDO LEMOS BARROS QUINTAO","01/04/1975","M","PMDB","MG","Empresário","

    "
"53","74368","LEONARDO VILELA","LEONARDO MOURA VILELA","22/12/1963","M","PSDB","GO","MEDICO","

    "
"53","74455","LEO ALCANTARA","LEONARDO ROSARIO DE ALCANTARA","05/12/1972","M","PR","CE","Empresário e advogado","

    "
"53","139285","LIDICE DA MATA","LIDICE DA MATA E SOUZA","12/03/1956","F","PSB","BA","Economista","

    "
"53","74585","LINCOLN PORTELA","LINCOLN DINIZ PORTELA","03/11/1953","M","PR","MG","Radialista e Comunicador.","

    "
"53","141483","LINDOMAR GARCON","LINDOMAR BARBOSA ALVES","18/10/1969","M","PV","RO","Comerciante","

    "
"53","81512","LUCIANA COSTA","LUCIANA DE ALMEIDA COSTA","16/10/1972","F","PR","SP","Cirurgiã Dentista e Professora de Educação Física","

    "
"53","74397","LUCIANA GENRO","LUCIANA KREBS GENRO","17/01/1971","F","PSOL","RS","Professora de Inglês","

    "
"53","73982","LUCIANO CASTRO","LUCIANO DE SOUZA CASTRO","22/08/1949","M","PR","RR","Administrador e Economista","

    "
"53","73777","LUCIANO PIZZATTO","LUCIANO PIZZATTO","23/03/1957","M","DEM","PR","

    ","

    "
"53","152606","CAPITAO ASSUMCAO","LUCINIO CASTELO DE ASSUMCAO","12/04/1963","M","PSB","ES","

    ","

    "
"53","141484","LUCIO VALE","LUCIO DUTRA VALE","27/12/1972","M","PR","PA","ADMINISTRADOR DE EMPRESAS","

    "
"53","131711","ACACIO JUNIOR","LUIS ACACIO SOUSA JUNIOR","13/04/1983","M","PSB","CE","

    ","

    "
"53","73483","LUIS CARLOS HEINZE","LUIS CARLOS HEINZE","14/09/1950","M","PP","RS","Engenheiro Agrônomo e Produtor Rural","

    "
"53","74133","LUIZ ALBERTO","LUIZ ALBERTO SILVA DOS SANTOS","03/01/1953","M","PT","BA","Técnico Químico","

    "
"53","74041","LUIZ COUTO","LUIZ ALBUQUERQUE COUTO","13/02/1945","M","PT","PB","Professor Adjunto","

    "
"53","74142","LUIZ CARREIRA","LUIZ ANTONIO VASCONCELLOS CARREIRA","27/10/1947","M","DEM","BA","ADMINISTRADOR","

    "
"53","74059","LUIZ BASSUMA","LUIZ CARLOS BASSUMA","08/08/1956","M","PV","BA","Engenheiro.","

    "
"53","141485","LUIZ CARLOS BUSATO","LUIZ CARLOS GHIORZZI BUSATO","06/11/1948","M","PTB","RS","ARQUITETO, CORRETOR DE IMÓVEIS","

    "
"53","73778","LUIZ CARLOS HAULY","LUIZ CARLOS JORGE HAULY","08/10/1950","M","PSDB","PR","Economista e Professor","

    "
"53","141486","LUIZ CARLOS SETIM","LUIZ CARLOS SETIM","02/05/1944","M","DEM","PR","

    ","

    "
"53","74063","FERNANDO DE FABINHO","LUIZ FERNANDO DE FABINHO ARAUJO LIMA","11/11/1957","M","DEM","BA","Administrador de Empresas, Radialista e Comerciante","

    "
"53","141487","LUIZ FERNANDO FARIA","LUIZ FERNANDO RAMOS FARIA","12/09/1957","M","PP","MG","ENGENHEIRO MECÂNICO, AGROPECUARISTA, EMPRESÁRIO - ADMINISTRAÇÃO","

    "
"53","74419","GONZAGA PATRIOTA","LUIZ GONZAGA PATRIOTA","26/04/1946","M","PSB","PE","Advogado, Contador , Administrador de Empresas e Jornalista.","

    "
"53","74810","LUIZ BITTENCOURT","LUIZ JOSE BITTENCOURT","20/06/1956","M","PMDB","GO","Engenheiro Civil e Professor Universitário","

    "
"53","141488","PAULO TEIXEIRA","LUIZ PAULO TEIXEIRA FERREIRA","06/05/1961","M","PT","SP","Advogado","

    "
"53","141489","LUIZ PAULO VELLOZO LUCAS","LUIZ PAULO VELLOZO LUCAS","13/12/1956","M","PSDB","ES","Engenheiro","

    "
"53","73478","BETO ALBUQUERQUE","LUIZ ROBERTO DE ALBUQUERQUE","06/01/1963","M","PSB","RS","Advogado","

    "
"53","74688","LUIZ SERGIO","LUIZ SERGIO NOBREGA DE OLIVEIRA","09/04/1958","M","PT","RJ","Delineador Naval","

    "
"53","74784","LUIZA ERUNDINA","LUIZA ERUNDINA DE SOUSA","30/11/1934","F","PSB","SP","Assistente Social","

    "
"53","141490","MANOEL JUNIOR","MANOEL ALVES DA SILVA JUNIOR","21/02/1964","M","PMDB","PB","Médico","

    "
"53","141491","PASTOR MANOEL FERREIRA","MANOEL FERREIRA","30/05/1932","M","PR","RJ","Advogado e Pastor Evangélico","

    "
"53","74456","MANOEL SALVIANO","MANOEL SALVIANO SOBRINHO","24/09/1939","M","PSDB","CE","Médico e Industrial","

    "
"53","141492","MANUELA D'AVILA","MANUELA PINTO VIEIRA D'AVILA","18/08/1981","F","PCdoB","RS","JORNALISTA","

    "
"53","74124","MARCAL FILHO","MARCAL GONCALVES LEITE FILHO","14/10/1964","M","PMDB","MS","

    ","

    "
"53","141493","MARCELO SERAFIM","MARCELO AUGUSTO DA EIRA CORREA","09/01/1977","M","PSB","AM","Farmacêutico Bioquímico","

    "
"53","146613","MARCELO ALMEIDA","MARCELO BELTRAO DE ALMEIDA","06/10/1966","M","PMDB","PR","Engenheiro Civi","

    "
"53","74460","MARCELO CASTRO","MARCELO COSTA E CASTRO","09/06/1950","M","PMDB","PI","Médico - Mestrado em Psiquiatria","

    "
"53","141494","MARCELO MELO","MARCELO DE ARAUJO MELO","11/10/1958","M","PMDB","GO","Empresário","

    "
"53","74143","MARCELO GUIMARAES FILHO","MARCELO DE OLIVEIRA GUIMARAES FILHO","01/03/1976","M","PMDB","BA","Advogado","

    "
"53","141495","MARCELO ITAGIBA","MARCELO ZATURANSKY NOGUEIRA ITAGIBA","20/03/1956","M","PSDB","RJ","Delegado de Polícia Federal","

    "
"53","150635","ALESSANDRO SABINO","MARCIO ALESSANDRO FLEXA DE OLIVEIRA","07/08/1973","M","PMDB","AP","

    ","

    "
"53","115899","MARCIO PASSOS","MARCIO ALMEIDA PASSOS","14/01/1965","M","PR","MG","

    ","

    "
"53","150418","MARCIO MARINHO","MARCIO CARLOS MARINHO","12/12/1970","M","PRB","BA","Radialista","

    "
"53","141496","MARCIO JUNQUEIRA","MARCIO HENRIQUE JUNQUEIRA PEREIRA","27/01/1968","M","DEM","RR","RADIALISTA","

    "
"53","141497","MARCIO FRANCA","MARCIO LUIZ FRANCA GOMES","23/06/1963","M","PSB","SP","ADVOGADO","

    "
"53","74744","MARCIO REINALDO MOREIRA","MARCIO REINALDO DIAS MOREIRA","03/11/1942","M","PP","MG","Economista e Analista de Orçamentos","

    "
"53","133373","MARCO MAIA","MARCO AURELIO SPALL MAIA","27/12/1965","M","PT","RS","Industriário (Metalúrgico)","

    "
"53","141498","DR. UBIALI","MARCO AURELIO UBIALI","07/10/1949","M","PSB","SP","

    ","

    "
"53","74470","MARCONDES GADELHA","MARCONDES IRAN BENEVIDES GADELHA","23/06/1943","M","PSC","PB","Médico","

    "
"53","74634","MARCOS MEDRADO","MARCOS ANTONIO MEDRADO","30/06/1946","M","PDT","BA","Administrador de Empresa e Radialista","

    "
"53","141499","MARCOS ANTONIO","MARCOS ANTONIO RAMOS DA HORA","02/11/1963","M","PRB","PE","

    ","

    "
"53","74745","MARCOS LIMA","MARCOS GUIMARAES DE CERQUEIRA LIMA","25/06/1946","M","PMDB","MG","

    ","

    "
"53","141500","MARCOS MONTES","MARCOS MONTES CORDEIRO","03/08/1949","M","DEM","MG","MÉDICO, PROFESSOR DE MEDICINA, MÉDICO DO TRABALHO","

    "
"53","141501","CIDA DIOGO","MARIA APARECIDA DIOGO BRAGA","20/01/1958","F","PT","RJ","Médica e Professora Secundarista","

    "
"53","141502","DALVA FIGUEIREDO","MARIA DALVA DE SOUZA FIGUEIREDO","25/04/1961","F","PT","AP","Servidora Pública Federal","

    "
"53","74037","FATIMA BEZERRA","MARIA DE FATIMA BEZERRA","19/05/1955","F","PT","RN","Pedagoga.","

    "
"53","74586","MARIA DO CARMO LARA","MARIA DO CARMO LARA PERPETUO","18/08/1954","F","PT","MG","Professora e Psicóloga","

    "
"53","74398","MARIA DO ROSARIO","MARIA DO ROSARIO NUNES","22/11/1966","F","PT","RS","Professora","

    "
"53","141503","JO MORAES","MARIA DO SOCORRO JO MORAES","09/08/1946","F","PCdoB","MG","FUNCIONÁRIA PÚBLICA","

    "
"53","129618","GORETE PEREIRA","MARIA GORETE PEREIRA","10/04/1952","F","PR","CE","FISIOTERAPEUTA","

    "
"53","64960","MARIA HELENA","MARIA HELENA VERONESE RODRIGUES","15/06/1949","F","PSB","RR","Advogada","

    "
"53","141504","LUCENIRA PIMENTEL","MARIA LUCENIRA FERREIRA OLIVEIRA PIMENTEL","20/10/1957","F","PR","AP","Técnica em Secretariado","

    "
"53","74587","MARIA LUCIA CARDOSO","MARIA LUCIA CARDOSO","27/11/1958","F","PMDB","MG","Diretora de Empresas","

    "
"53","73943","PERPETUA ALMEIDA","MARIA PERPETUA DE ALMEIDA","28/12/1964","F","PCdoB","AC","Professora e Bancária","

    "
"53","141505","MARINA MAGGESSI","MARINA TERRA MAGGESSI DE SOUZA","11/02/1959","F","PPS","RJ","Policial Civil","

    "
"53","74177","MARINHA RAUPP","MARINHA CELIA ROCHA RAUPP DE MATOS","23/11/1960","F","PMDB","RO","Psicóloga, Técnica em Assuntos Educacionais, Professora e Servidora Pública","

    "
"53","74747","MARIO DE OLIVEIRA","MARIO DE OLIVEIRA","03/11/1945","M","PSC","MG","MINISTRO EVANGÉLICO","

    "
"53","74158","MARIO HERINGER","MARIO LUCIO HERINGER","30/09/1954","M","PDT","MG","MEDICO","

    "
"53","74635","MARIO NEGROMONTE","MARIO SILVIO MENDES NEGROMONTE","06/07/1950","M","PP","BA","Advogado","

    "
"53","147653","MATTEO CHIARELLI","MATTEO ROTA CHIARELLI","10/11/1966","M","DEM","RS","Advogado e Professor de Direito","

    "
"53","141506","MAURICIO TRINDADE","MAURICIO GONCALVES TRINDADE","10/09/1962","M","PR","BA","Médico Dentista","

    "
"53","74050","MAURICIO QUINTELLA LESSA","MAURICIO QUINTELLA MALTA LESSA","28/03/1971","M","PR","AL","Servidor Público","

    "
"53","74045","MAURICIO RANDS","MAURICIO RANDS COELHO BARROS","17/09/1961","M","PT","PE","ADVOGADO","

    "
"53","141507","MAURO MARIANI","MAURO MARIANI","08/01/1964","M","PMDB","SC","Diretor de Empresas","

    "
"53","141508","MAURO NAZIF","MAURO NAZIF RASUL","30/01/1959","M","PSB","RO","Médico","

    "
"53","74749","MAURO LOPES","MAURO RIBEIRO LOPES","24/05/1936","M","PMDB","MG","Empresário e Bacharel em Direito","

    "
"53","73780","MAX ROSENMANN","MAX ROSENMANN","29/11/1944","M","PMDB","PR","Advogado e Empresário","

    "
"53","73552","MICHEL TEMER","MICHEL MIGUEL ELIAS TEMER LULIA","23/09/1940","M","PMDB","SP","Advogado e Professor","

    "
"53","141509","MIGUEL CORREA","MIGUEL CORREA DA SILVA JUNIOR","11/06/1978","M","PT","MG","Professor e Comunicador","

    "
"53","74787","MILTON MONTI","MILTON ANTONIO CASQUEL MONTI","11/06/1961","M","PR","SP","Economista","

    "
"53","74337","MILTON BARBOSA","MILTON JOAO SOARES BARBOSA","28/12/1954","M","PSC","BA","Ministro Evangélico","

    "
"53","154178","MILTON VIEIRA","MILTON VIEIRA PINTO","16/09/1962","M","DEM","SP","

    ","

    "
"53","74862","MIRO TEIXEIRA","MIRO TEIXEIRA","27/05/1945","M","PDT","RJ","Advogado","

    "
"53","74238","MOACIR MICHELETTO","MOACIR MICHELETTO","25/11/1942","M","PMDB","PR","Engenheiro Agrônomo, Administrador Rural e Extensionista Agrícola","

    "
"53","139311","MOISES AVELINO","MOISES NOGUEIRA AVELINO","20/05/1940","M","PMDB","TO","Médico e Agropecuarista","

    "
"53","74318","MUSSA DEMES","MUSSA DE JESUS DEMES","08/12/1939","M","DEM","PI","Advogado e Técnico em Contabilidade","

    "
"53","74108","NARCIO RODRIGUES","NARCIO RODRIGUES DA SILVEIRA","23/04/1959","M","PSDB","MG","Jornalista","

    "
"53","133372","NATAN DONADON","NATAN DONADON","27/07/1967","M","PMDB","RO","Funcionário Público","

    "
"53","141510","NEILTON MULIM","NEILTON MULIM DA COSTA","22/07/1962","M","PR","RJ","PROFESSOR DE MATEMÁTICA","

    "
"53","74038","NELIO DIAS","NELIO SILVEIRA DIAS","22/01/1945","M","PP","RN","PECUARISTA","

    "
"53","141511","NELSON GOETTEN","NELSON GOETTEN DE LIMA","16/12/1955","M","PR","SC","Agricultor, Empresário Industrial e Motorista","

    "
"53","73907","NELSON PROENCA","NELSON LUIZ PROENCA FERNANDES","14/08/1950","M","PPS","RS","Administrador de Empresas e Empresário","

    "
"53","73553","NELSON MARQUEZELLI","NELSON MARQUEZELLI","29/10/1941","M","PTB","SP","Empresário","

    "
"53","73781","NELSON MEURER","NELSON MEURER","23/07/1942","M","PP","PR","Agropecuarista","

    "
"53","73416","NELSON BORNIER","NELSON ROBERTO BORNIER DE OLIVEIRA","14/01/1950","M","PMDB","RJ","Advogado","

    "
"53","74806","TADEU FILIPPELLI","NELSON TADEU FILIPPELLI","11/05/1949","M","PMDB","DF","Servidor Público e Engenheiro Elétrico","

    "
"53","73761","NELSON TRAD","NELSON TRAD","30/10/1930","M","PMDB","MS","Advogado e Professor","

    "
"53","74571","NELSON PELLEGRINO","NELSON VICENTE PORTELA PELLEGRINO","27/12/1960","M","PT","BA","Advogado","

    "
"53","146307","NERI GELLER","NERI GELLER","07/11/1968","M","PSDB","MT","

    ","

    "
"53","74165","NEUCIMAR FRAGA","NEUCIMAR FERREIRA FRAGA","26/06/1966","M","PR","ES","Representante Comercial","

    "
"53","141512","NEUDO CAMPOS","NEUDO RIBEIRO CAMPOS","01/09/1946","M","PP","RR","Engenheiro Civil","

    "
"53","74447","NICE LOBAO","NICE LOBAO","29/10/1936","F","DEM","MA","Servidora Pública","

    "
"53","73594","NILMAR RUIZ","NILMAR GAVINO RUIZ","05/02/1956","F","PR","TO","PROFESSORA DE ENSINO MÉDIO","

    "
"53","74365","NILSON MOURAO","NILSON MOURA LEITE MOURAO","01/04/1952","M","PT","AC","Professor Universitário","

    "
"53","74352","NILSON PINTO","NILSON PINTO DE OLIVEIRA","25/03/1952","M","PSDB","PA","Professor","

    "
"53","74392","ZONTA","ODACIR ZONTA","18/07/1945","M","PP","SC","Agricultor Cooperativista.","

    "
"53","74159","ODAIR CUNHA","ODAIR JOSE DA CUNHA","18/06/1976","M","PT","MG","ADVOGADO","

    "
"53","73782","ODILIO BALBINOTTI","ODILIO BALBINOTTI","08/06/1941","M","PMDB","PR","Agropecuarista e Empresário","

    "
"53","141513","BILAC PINTO","OLAVO BILAC PINTO NETO","08/06/1963","M","PR","MG","ADVOGADO","

    "
"53","74005","OLAVO CALHEIROS","OLAVO CALHEIROS FILHO","12/03/1957","M","PMDB","AL","Engenheiro Agrônomo","

    "
"53","74399","ONYX LORENZONI","ONYX DORNELLES LORENZONI","03/10/1954","M","DEM","RS","VETERINARIO","

    "
"53","73692","OSMAR TERRA","OSMAR GASPARINI TERRA","18/02/1950","M","PMDB","RS","Médico","

    "
"53","73463","OSMAR SERRAGLIO","OSMAR JOSE SERRAGLIO","23/05/1948","M","PMDB","PR","Advogado","

    "
"53","141514","OSMAR JUNIOR","OSMAR RIBEIRO DE ALMEIDA JUNIOR","08/10/1959","M","PCdoB","PI","BACHAREL EM DIREITO","

    "
"53","73660","OSORIO ADRIANO","OSORIO ADRIANO FILHO","10/07/1929","M","DEM","DF","Engenheiro Civil e Empresário.","

    "
"53","73909","OSVALDO BIOLCHI","OSVALDO ANICETTO BIOLCHI","16/12/1934","M","PMDB","RS","

    ","

    "
"53","74191","OSVALDO REIS","OSVALDO DE SOUZA REIS","30/12/1936","M","PMDB","TO","Empresário","

    "
"53","141515","OTAVIO LEITE","OTAVIO SANTOS SILVA LEITE","29/07/1961","M","PSDB","RJ","Advogado e Professor de Direito","

    "
"53","141516","PAULO ABI-ACKEL","PAULO ABI-ACKEL","21/06/1963","M","PSDB","MG","ADVOGADO","

    "
"53","147975","DR. PAULO CESAR","PAULO CESAR DA GUIA ALMEIDA","18/06/1960","M","PR","RJ","Médico","

    "
"53","73555","PAULO LIMA","PAULO CESAR DE OLIVEIRA LIMA","09/02/1963","M","PMDB","SP","Engenheiro Civil, Empresário, Pecuarista e Educador","

    "
"53","74754","PAULO DELGADO","PAULO GABRIEL GODINHO DELGADO","28/12/1951","M","PT","MG","Professor e Sociólogo","

    "
"53","141517","PAULO HENRIQUE LUSTOSA","PAULO HENRIQUE ELLERY LUSTOSA DA COSTA","08/02/1968","M","PMDB","CE","Administrador e Consultor","

    "
"53","73612","PAULO RATTES","PAULO JOSE ALVES RATTES","21/12/1933","M","PMDB","RJ","

    ","

    "
"53","141518","PAULO PEREIRA DA SILVA","PAULO PEREIRA DA SILVA","24/02/1956","M","PDT","SP","SINDICALISTA, CONTROLADOR DE QUALIDADE, METALÚRGICO","

    "
"53","141519","PAULO PIAU","PAULO PIAU NOGUEIRA","23/08/1953","M","PMDB","MG","Engenheiro Agrônomo","

    "
"53","141520","PAULO RENATO SOUZA","PAULO RENATO COSTA SOUZA","10/09/1945","M","PSDB","SP","ECONOMISTA","

    "
"53","73883","PAULO BORNHAUSEN","PAULO ROBERTO BARRETO BORNHAUSEN","19/09/1963","M","DEM","SC","ADVOGADO","

    "
"53","73882","PAULO BAUER","PAULO ROBERTO BAUER","20/03/1957","M","PSDB","SC","OUTROS","

    "
"53","74082","PAULO ROCHA","PAULO ROBERTO GALVAO DA ROCHA","01/04/1951","M","PT","PA","Técnico em Artes Gráficas","

    "
"53","73437","BETO MANSUR","PAULO ROBERTO GOMES MANSUR","07/07/1951","M","PP","SP","Radialista, Empresário e Engenheiro Eletrônico","

    "
"53","141521","PAULO ROBERTO PEREIRA","PAULO ROBERTO MANOEL PEREIRA","10/12/1961","M","PTB","RS","COMUNICADOR DE RÁDIO, APRESENTADOR DE TELEVISÃO, TEÓLOGO","

    "
"53","74400","PAULO PIMENTA","PAULO ROBERTO SEVERO PIMENTA","19/03/1965","M","PT","RS","Técnico Agrícola e Jornalista","

    "
"53","74047","PAULO RUBEM SANTIAGO","PAULO RUBEM SANTIAGO FERREIRA","17/07/1955","M","PDT","PE","PROFESSOR DE ENSINO SUPERIOR","

    "
"53","132056","PAULO MALUF","PAULO SALIM MALUF","03/09/1931","M","PP","SP","ENGENHEIRO CIVIL, INDUSTRIAL","

    "
"53","74574","PAULO MAGALHAES","PAULO SERGIO PARANHOS DE MAGALHAES","28/11/1952","M","DEM","BA","Administrador de Empresas","

    "
"53","74102","PEDRO VALADARES","PEDRO ALMEIDA VALADARES NETO","04/09/1965","M","DEM","SE","

    ","

    "
"53","74556","PEDRO EUGENIO","PEDRO EUGENIO DE CASTRO TOLEDO CABRAL","29/03/1949","M","PT","PE","Economista e Professor Universitário","

    "
"53","74449","PEDRO FERNANDES","PEDRO FERNANDES RIBEIRO","02/03/1949","M","PTB","MA","Engenheiro Civil e Bancário","

    "
"53","74111","PEDRO HENRY","PEDRO HENRY NETO","19/04/1957","M","PP","MT","Médico","

    "
"53","74207","PEDRO NOVAIS","PEDRO NOVAIS LIMA","07/07/1930","M","PMDB","MA","Advogado","

    "
"53","74812","PEDRO CHAVES","PEDRO PINHEIRO CHAVES","28/08/1958","M","PMDB","GO","Engenheiro Civil","

    "
"53","74032","PASTOR PEDRO RIBEIRO","PEDRO RIBEIRO FILHO","26/05/1946","M","PR","CE","Ministro do Evangelho","

    "
"53","73673","PEDRO WILSON","PEDRO WILSON GUIMARAES","24/02/1942","M","PT","GO","Advogado, Professor Universitário e Sociólogo","

    "
"53","159259","R. SA FILHO","RAIMUNDO DE SA URTIGA FILHO","13/12/1972","M","PSDB","PI","

    ","

    "
"53","74216","RAIMUNDO GOMES DE MATOS","RAIMUNDO GOMES DE MATOS","30/03/1951","M","PSDB","CE","Médico","

    "
"53","141522","SABINO CASTELO BRANCO","RAIMUNDO SABINO CASTELO BRANCO MAUES","31/08/1964","M","PTB","AM","EMPRESÁRIO, APRESENTADOR DE TELEVISÃO","

    "
"53","160520","SALLES","RAIMUNDO TARASKEVICIUS SALES","17/09/1963","M","DEM","SP","

    ","

    "
"53","74370","PROFESSORA RAQUEL TEIXEIRA","RAQUEL FIGUEIREDO ALESSANDRI TEIXEIRA","24/11/1946","F","PSDB","GO","PROFESSOR DE ENSINO SUPERIOR","

    "
"53","74048","RAUL JUNGMANN","RAUL BELENS JUNGMANN PINTO","03/04/1952","M","PPS","PE","OUTROS","

    "
"53","141523","RAUL HENRY","RAUL JEAN LOUIS HENRY JUNIOR","06/06/1964","M","PMDB","PE","ECONOMISTA","

    "
"53","141524","VELOSO","RAYMUNDO VELOSO SILVA","11/01/1938","M","PMDB","BA","Advogado, Professor e Comunicador de Rádio","

    "
"53","141525","REBECCA GARCIA","REBECCA MARTINS GARCIA","28/04/1973","F","PP","AM","ECONOMISTA","

    "
"53","74161","REGINALDO LOPES","REGINALDO LAZARO DE OLIVEIRA LOPES","02/04/1973","M","PT","MG","ECONOMISTA","

    "
"53","73556","REGIS DE OLIVEIRA","REGIS FERNANDES DE OLIVEIRA","19/09/1944","M","PSC","SP","Advogado, Professor Universitário e Administrador de Empresas","

    "
"53","141526","REINALDO NOGUEIRA","REINALDO NOGUEIRA LOPES CRUZ","17/09/1967","M","PDT","SP","EMPRESÁRIO RURAL","

    "
"53","73786","REINHOLD STEPHANES","REINHOLD STEPHANES","13/08/1939","M","PMDB","PR","Economista","

    "
"53","74257","RENATO COZZOLINO","RENATO COZZOLINO SOBRINHO","28/01/1956","M","PDT","RJ","PROFESSOR DE ENSINO DE PRIMEIRO E SEGUNDO GRAUS","

    "
"53","141527","RENATO MOLLING","RENATO DELMAR MOLLING","01/10/1960","M","PP","RS","Administrador, Assessor Político, Industriário, Professor e Auxiliar de Escritório","

    "
"53","141528","RENATO AMARY","RENATO FAUVEL AMARY","26/10/1946","M","PSDB","SP","Advogado e Empresário","

    "
"53","73801","RENILDO CALHEIROS","RENILDO VASCONCELOS CALHEIROS","20/04/1959","M","PCdoB","PE","EMPRESARIO","

    "
"53","73788","RICARDO BARROS","RICARDO JOSE MAGALHAES BARROS","15/11/1959","M","PP","PR","Engenheiro Civil e Empresário","

    "
"53","74793","RICARDO BERZOINI","RICARDO JOSE RIBEIRO BERZOINI","10/02/1960","M","PT","SP","Bancário","

    "
"53","73557","RICARDO IZAR","RICARDO NAGIB IZAR","28/07/1938","M","PTB","SP","Advogado","

    "
"53","150634","RICARDO QUIRINO","RICARDO QUIRINO DOS SANTOS","22/09/1964","M","PR","DF","

    ","

    "
"53","73490","RICARTE DE FREITAS","RICARTE DE FREITAS JUNIOR","17/01/1952","M","PTB","MT","ADVOGADO","

    "
"53","74777","RITA CAMATA","RITA DE CASSIA PASTE CAMATA","01/01/1961","F","PSDB","ES","JORNALISTA","

    "
"53","74209","ROBERTO ROCHA","ROBERTO COELHO ROCHA","04/08/1965","M","PSDB","MA","ADMINISTRADOR DE EMPRESAS","

    "
"53","73674","ROBERTO BALESTRA","ROBERTO EGIDIO BALESTRA","24/05/1944","M","PP","GO","Agropecuarista, Técnico em Laticínios, Comerciante, Industrial e Advogado","

    "
"53","74433","ROBERTO MAGALHAES","ROBERTO MAGALHAES MELO","17/07/1933","M","DEM","PE","ADVOGADO","

    "
"53","141529","ROBERTO BRITTO","ROBERTO PEREIRA DE BRITTO","03/04/1951","M","PP","BA","PROFESSOR UNIVERSITÁRIO","

    "
"53","141530","RODOVALHO","ROBSON LEMOS RODOVALHO","15/08/1955","M","PP","DF","Prof. de Teologia, Prof. Universitário, Bispo Evangélico, Bacharel em Ciências Físicas e Naturais, e em Filosofia, Comunicador Escritor e Empresário","

    "
"53","73558","ROBSON TUMA","ROBSON TUMA","05/09/1968","M","DEM","SP","Empresário e Advogado","

    "
"53","141531","RODRIGO DE CASTRO","RODRIGO BATISTA DE CASTRO","15/07/1971","M","PSDB","MG","Advogado e Administrador de Empresas","

    "
"53","152865","RODRIGO BETHLEM","RODRIGO BETHLEM FERNANDES","15/02/1971","M","PMDB","RJ","

    ","

    "
"53","74693","RODRIGO MAIA","RODRIGO FELINTO IBARRA EPITACIO MAIA","12/06/1970","M","DEM","RJ","Bancário","

    "
"53","141532","RODRIGO ROCHA LOURES","RODRIGO SANTOS DA ROCHA LOURES","13/11/1966","M","PMDB","PR","ADMINISTRADOR","

    "
"53","141533","RODRIGO ROLLEMBERG","RODRIGO SOBRAL ROLLEMBERG","13/07/1959","M","PSB","DF","FUNCIONÁRIO PÚBLICO","

    "
"53","73651","ROGERIO SILVA","ROGERIO LUCIO SOARES DA SILVA","22/11/1954","M","PP","MT","AGRICULTOR, COMERCIANTE","

    "
"53","141534","ROGERIO LISBOA","ROGERIO MARTINS LISBOA","22/08/1967","M","DEM","RJ","ADVOGADO","

    "
"53","160426","ROGERIO ROSSO","ROGERIO SCHUMANN ROSSO","30/08/1968","M","PMDB","DF","

    ","

    "
"53","141535","ROGERIO MARINHO","ROGERIO SIMONETTI MARINHO","26/11/1963","M","PSDB","RN","

    ","

    "
"53","141536","ROMULO GOUVEIA","ROMULO JOSE DE GOUVEIA","19/03/1965","M","PSDB","PB","Servidor Público","

    "
"53","151214","RONALDO LEITE","RONALDO DE BRITO LEITE","16/05/1955","M","PHS","AM","

    ","

    "
"53","74042","RONALDO CUNHA LIMA","RONALDO JOSE DA CUNHA LIMA","18/03/1936","M","PSDB","PB","Advogado","

    "
"53","74813","RONALDO CAIADO","RONALDO RAMOS CAIADO","25/09/1949","M","DEM","GO","Médico, Professor e Produtor Rural","

    "
"53","73507","ROSE DE FREITAS","ROSILDA DE FREITAS","23/01/1949","F","PMDB","ES","Professora, Radialista, Jornalista , Desenhista - Projetista e Agrimensora.","

    "
"53","141537","MOREIRA MENDES","RUBENS MOREIRA MENDES FILHO","19/07/1946","M","PPS","RO","ADVOGADO, AGROPECUARISTA","

    "
"53","74371","RUBENS OTONI","RUBENS OTONI GOMIDE","06/02/1956","M","PT","GO","Professor Universitário, Consultor Jurídico e Consultor de Empresas.","

    "
"53","141538","PROFESSOR RUY PAULETTI","RUY PAULETTI","15/02/1936","M","PSDB","RS","Professor Universitário e Professor de Ensino Médio","

    "
"53","74039","SANDRA ROSADO","SANDRA MARIA DA ESCOSSIA ROSADO","23/05/1951","F","PSB","RN","ASSISTENTE SOCIAL E ADVOGADA","

    "
"53","73676","SANDRO MABEL","SANDRO ANTONIO SCODRO","31/12/1958","M","PR","GO","EMPRESARIO","

    "
"53","74258","SANDRO MATOS","SANDRO MATOS PEREIRA","22/04/1970","M","PR","RJ","Empresário","

    "
"53","149293","SATURNINO MASSON","SATURNINO MASSON","29/11/1944","M","PSDB","MT","Comerciante","

    "
"53","141539","SEBASTIAO BALA ROCHA","SEBASTIAO FERREIRA DA ROCHA","21/01/1958","M","PDT","AP","MÉDICO","

    "
"53","74211","SEBASTIAO MADEIRA","SEBASTIAO TORRES MADEIRA","29/12/1949","M","PSDB","MA","Médico","

    "
"53","141540","DR. NECHAR","SERGIO ANTONIO NECHAR","26/06/1951","M","PP","SP","Médico e Administrador de Empresas","

    "
"53","74533","SERGIO BARRADAS CARNEIRO","SERGIO BARRADAS CARNEIRO","14/10/1960","M","PT","BA","

    ","

    "
"53","141541","SERGIO PETECAO","SERGIO DE OLIVEIRA CUNHA","20/04/1960","M","PMN","AC","TÉCNICO EM CONTABILIDADE, EMPRESÁRIO","

    "
"53","141542","SERGIO MORAES","SERGIO IVAN MORAES","27/04/1958","M","PTB","RS","COMERCIANTE","

    "
"53","73808","SERGIO BRITO","SERGIO LUIS LACERDA BRITO","08/06/1961","M","PSC","BA","ADMINISTRADOR DE EMPRESAS, BACHAREL EM DIREITO","

    "
"53","141543","PROFESSOR SETIMO","SETIMO WAQUIM","27/11/1949","M","PMDB","MA","Professor de Ensino Médio","

    "
"53","74641","SEVERIANO ALVES","SEVERIANO ALVES DE SOUZA","12/02/1943","M","PMDB","BA","SERVIDOR PUBLICO FEDERAL","

    "
"53","74765","SILAS BRASILEIRO","SILAS BRASILEIRO","22/10/1943","M","PMDB","MG","Empresário e Produtor Rural","

    "
"53","74356","SILAS CAMARA","SILAS CAMARA","15/12/1962","M","PSC","AM","Empresário","

    "
"53","73560","SILVIO TORRES","SILVIO FRANCA TORRES","01/06/1946","M","PSDB","SP","JORNALISTA E EMPRESÁRIO","

    "
"53","73998","SILVIO LOPES","SILVIO LOPES TEIXEIRA","12/07/1931","M","PSDB","RJ","Comerciante e Empresário","

    "
"53","141545","SILVINHO PECCIOLI","SILVIO ROBERTO CAVALCANTI PECCIOLI","03/01/1958","M","DEM","SP","Advogado","

    "
"53","4930","SILVIO COSTA","SILVIO SERAFIM COSTA","23/12/1956","M","PTB","PE","

    ","

    "
"53","73424","SIMAO SESSIM","SIMAO SESSIM","08/12/1935","M","PP","RJ","Professor e Advogado","

    "
"53","141546","SOLANGE AMARAL","SOLANGE AMARAL","03/06/1953","F","DEM","RJ","Psicólogo","

    "
"53","141547","SOLANGE ALMEIDA","SOLANGE PEREIRA DE ALMEIDA","26/02/1961","F","PMDB","RJ","

    ","

    "
"53","141548","SUELI VIDIGAL","SUELI RANGEL SILVA VIDIGAL","19/06/1955","F","PDT","ES","Funcionário Público","

    "
"53","141549","SUELY","SUELY SANTANA DA SILVA","26/08/1976","F","PR","RJ","

    ","

    "
"53","141550","DR. TALMIR","TALMIR RODRIGUES","10/12/1958","M","PV","SP","Médico","

    "
"53","73577","TARCISIO ZIMMERMANN","TARCISIO JOAO ZIMERMMANN","24/07/1954","M","PT","RS","SOCIÓLOGO","

    "
"53","73561","TELMA DE SOUZA","TELMA SANDRA AUGUSTO DE SOUZA","29/09/1944","F","PT","SP","Advogada, Pedagoga e Professora","

    "
"53","74286","THELMA DE OLIVEIRA","THELMA PIMENTEL FIGUEIREDO DE OLIVEIRA","30/10/1957","F","PSDB","MT","ENFERMEIRA","

    "
"53","74461","THEMISTOCLES SAMPAIO","THEMISTOCLES DE SAMPAIO PEREIRA","12/11/1921","M","PMDB","PI","

    ","

    "
"53","73809","ULDURICO PINTO","ULDURICO ALVES PINTO","14/01/1953","M","PHS","BA","Médico","

    "
"53","141551","URZENI ROCHA","URZENI DA ROCHA FREITAS FILHO","28/05/1958","M","PSDB","RR","MÉDICO","

    "
"53","73565","VALDEMAR COSTA NETO","VALDEMAR COSTA NETO","11/08/1949","M","PR","SP","Administrador de Empresas","

    "
"53","74010","VALDIR COLATTO","VALDIR COLATTO","15/10/1949","M","PMDB","SC","Engenheiro Agrônomo","

    "
"53","141552","VALTENIR PEREIRA","VALTENIR LUIZ PEREIRA","24/11/1971","M","PSB","MT","Defensor Público e Professor Universitário","

    "
"53","74376","VANDER LOUBET","VANDER LUIZ DOS SANTOS LOUBET","22/01/1964","M","PT","MS","Bancário e Funcionário Público.","

    "
"53","141553","VANDERLEI MACRIS","VANDERLEI MACRIS","20/05/1950","M","PSDB","SP","

    ","

    "
"53","74357","VANESSA GRAZZIOTIN","VANESSA GRAZZIOTIN","29/06/1961","F","PCdoB","AM","Farmacêutica e Professora","

    "
"53","141554","VICENTINHO ALVES","VICENTE ALVES DE OLIVEIRA","01/10/1957","M","PR","TO","Agropecuarista, Empresário e Piloto Comercial Multimotores e IFR","

    "
"53","74308","VICENTE ARRUDA","VICENTE FERREIRA DE ARRUDA COELHO","17/05/1929","M","PR","CE","Advogado, Cientista Político e Jornalista","

    "
"53","74283","VICENTINHO","VICENTE PAULO DA SILVA","08/04/1956","M","PT","SP","Bacharel em Direito e Metalúrgico.","

    "
"53","159258","VICENTE SELISTRE","VICENTE PAULO DE OLIVEIRA SELISTRE","17/04/1964","M","PSB","RS","

    ","

    "
"53","74087","VIC PIRES FRANCO","VICTOR PIRES FRANCO NETO","18/06/1960","M","DEM","PA","Jornalista","

    "
"53","148134","PROFESSOR VICTORIO GALLI","VICTORIO GALLI FILHO","30/04/1961","M","PMDB","MT","

    ","

    "
"53","141870","VILSON COVATTI","VILSON LUIZ COVATTI","26/01/1957","M","PP","RS","Advogado","

    "
"53","141555","VINICIUS CARVALHO","VINICIUS RAPOZO DE CARVALHO","07/01/1966","M","PTdoB","RJ","ADMINISTRADOR DE EMPRESAS, ADVOGADO, RADIALISTA, JORNALISTA","

    "
"53","74593","VIRGILIO GUIMARAES","VIRGILIO GUIMARAES DE PAULA","05/09/1949","M","PT","MG","Economista","

    "
"53","141556","VITAL DO REGO FILHO","VITAL DO REGO FILHO","21/09/1963","M","PMDB","PB","Advogado e Médico","

    "
"53","141557","VITOR PENIDO","VITOR PENIDO DE BARROS","26/06/1942","M","DEM","MG","

    ","

    "
"53","73456","WALDEMIR MOKA","WALDEMIR MOKA MIRANDA DE BRITTO","10/10/1951","M","PMDB","MS","Médico e Professor","

    "
"53","141558","WALDIR MARANHAO","WALDIR MARANHAO CARDOSO","04/08/1955","M","PP","MA","Médico Veterinário","

    "
"53","141559","WALDIR NEVES","WALDIR NEVES BARBOSA","31/01/1963","M","PSDB","MS","PRODUTOR RURAL, EMPRESÁRIO","

    "
"53","148295","WALTER BRITO NETO","WALTER CORREIA DE BRITO NETO","01/09/1982","M","PRB","PB","

    ","

    "
"53","74218","WALTER PINHEIRO","WALTER DE FREITAS PINHEIRO","25/05/1959","M","PT","BA","Técnico em Telecomunicações","

    "
"53","74284","WALTER FELDMAN","WALTER MEYER FELDMAN","29/01/1954","M","PSDB","SP","MEDICO","

    "
"53","141560","WALTER IHOSHI","WALTER SHINDI IIHOSHI","17/07/1961","M","DEM","SP","

    ","

    "
"53","141561","WANDENKOLK GONCALVES","WANDENKOLK PASTEUR GONCALVES","17/04/1951","M","PSDB","PA","ENGENHEIRO AGRÔNOMO","

    "
"53","74172","DELEY","WANDERLEY ALVES DE OLIVEIRA","28/08/1959","M","PSC","RJ","ATLETA PROFISSIONAL E TECNICO EM DESPORTOS","

    "
"53","141562","LELO COIMBRA","WELINGTON COIMBRA","21/06/1954","M","PMDB","ES","MÉDICO","

    "
"53","73653","WELLINGTON FAGUNDES","WELLINGTON ANTONIO FAGUNDES","01/06/1957","M","PR","MT","Médico Veterinário e Comerciante","

    "
"53","141563","WILLIAM WOO","WILLIAM BOSS WOO","27/11/1968","M","PPS","SP","POLICIAL CIVIL, ENGENHEIRO MECÂNICO, BACHAREL EM DIREITO","

    "
"53","74414","WILSON BRAGA","WILSON LEITE BRAGA","18/07/1931","M","PMDB","PB","Advogado","

    "
"53","154996","WILSON PICLER","WILSON PICLER","09/01/1964","M","PDT","PR","

    ","

    "
"53","73930","WLADIMIR COSTA","WLADIMIR AFONSO DA COSTA RABELO","16/01/1964","M","PMDB","PA","LOCUTOR E COMENTARISTA DE RADIO E TELEVISAO E RADIALISTA","

    "
"53","74439","WOLNEY QUEIROZ","WOLNEY QUEIROZ MACIEL","12/12/1972","M","PDT","PE","Empresário","

    "
"53","74354","ZENALDO COUTINHO","ZENALDO RODRIGUES COUTINHO JUNIOR","04/02/1961","M","PSDB","PA","Advogado","

    "
